measurementdate,sales_rate,temperature_max,windspeed_max,temperature_min,temperature_avg,humidity,windspeed_avg,precipitation,public_holiday,PM10_max,PM10_min,PM10_avg,PM25_max,PM25_min,PM25_avg,city_name,day_of_week
2016-01-01,7,5,2.4,-2.1,2.1,73,1.2,0,1,103,28,73.29166667,71,20,44.20833333,강남구,Friday
2016-01-02,28,10.2,2.4,3.7,7.1,73,1.1,0,1,83,34,50.33333333,46,19,28.75,강남구,Saturday
2016-01-03,21,9.9,2.7,6.2,7.7,80,0.9,0,1,174,60,101.1666667,106,31,59.79166667,강남구,Sunday
2016-01-04,49,6.7,3.7,-0.7,3.4,51,2.4,0,0,194,18,83.16666667,99,9,46.79166667,강남구,Monday
2016-01-05,35,1.8,3.3,-2.6,-1,36,1.7,0,0,54,15,32.875,26,6,15.75,강남구,Tuesday
2016-01-06,35,2.4,3.1,-2.4,-0.2,51,1.6,0,0,84,42,60.79166667,45,22,28.58333333,강남구,Wednesday
2016-01-07,42,1.5,3.6,-3.5,-1.7,46,2,0,0,67,24,40.08333333,35,8,19.08333333,강남구,Thursday
2016-01-08,28,2,3.9,-4.7,-1.3,47,1.7,0,0,44,19,33.16666667,24,7,16.08333333,강남구,Friday
2016-01-09,56,2.6,3.6,-3.2,-0.3,53,1.8,0,1,45,25,34.91666667,24,13,17.79166667,강남구,Saturday
2016-01-10,56,4.8,3.7,-0.5,1.8,40,1.7,0,1,48,21,31,29,8,17.16666667,강남구,Sunday
2016-01-11,28,1,3.6,-4.3,-2.2,37,2,0,0,61,24,41.75,27,13,19.95833333,강남구,Monday
2016-01-12,42,0.6,3.2,-5.9,-3.3,44,1.9,0,0,68,31,51.79166667,33,8,21.83333333,강남구,Tuesday
2016-01-13,35,0.3,3.8,-5.8,-3,59,1.8,0,0,59,24,38.25,31,11,19.41666667,강남구,Wednesday
2016-01-14,21,1.2,3.3,-5.6,-2.2,45,1.5,0,0,59,39,49.33333333,36,10,19.83333333,강남구,Thursday
2016-01-15,21,4.2,2.8,-1.7,0.8,53,1.4,0,0,83,30,50.75,50,14,26.125,강남구,Friday
2016-01-16,7,3.1,2.9,-1.7,0.3,66,1.7,0,1,83,52,65.70833333,48,30,37,강남구,Saturday
2016-01-17,28,5.5,2.6,-0.5,2.5,65,1.4,0,1,87,52,66.375,59,32,41.08333333,강남구,Sunday
2016-01-18,91,2.6,5.6,-10.9,-5.1,57,3.2,0,0,95,26,61.29166667,61,4,30.125,강남구,Monday
2016-01-19,70,-7.8,5.9,-13.6,-11.4,45,3.2,0,0,51,28,36.66666667,17,6,12.125,강남구,Tuesday
2016-01-20,84,-4.8,2.9,-12.5,-8.9,41,1.5,0,0,61,22,39.58333333,29,13,20.41666667,강남구,Wednesday
2016-01-21,63,-2.5,3,-8.7,-5.8,44,1.7,0,0,81,37,58.5,44,11,29.16666667,강남구,Thursday
2016-01-22,28,-2.8,3.6,-8.1,-5.9,39,2,0,0,74,35,53.45833333,38,15,24.70833333,강남구,Friday
2016-01-23,317,-6.8,4.7,-14.3,-10.1,39,2.6,0,1,51,15,32.125,23,6,13.25,강남구,Saturday
2016-01-24,56,-10.1,4,-16.5,-13.1,46,2.4,0,1,58,20,42.08333333,26,8,18.625,강남구,Sunday
2016-01-25,49,-3.9,3.1,-12.4,-7.7,46,1.7,0,0,83,38,55.58333333,28,8,15.5,강남구,Monday
2016-01-26,28,1.9,2.7,-7.3,-2.6,67,1.4,0,0,101,69,83.04166667,54,21,35,강남구,Tuesday
2016-01-27,49,4,3.1,-1.8,0.7,53,1.5,0,0,87,48,67.45833333,38,18,28,강남구,Wednesday
2016-01-28,28,3.7,2.9,-4.4,0.4,52,1.1,0,0,101,50,65.5,52,14,30.33333333,강남구,Thursday
2016-01-29,70,6,3.4,0.4,3.1,46,1.7,0,0,79,15,49.54166667,33,4,20.95833333,강남구,Friday
2016-01-30,7,5.2,3.1,-0.4,2,56,1.5,0,1,85,19,41.75,52,11,23.25,강남구,Saturday
2016-01-31,7,0.7,3.8,-4.5,-2.5,34,2.4,0,1,60,22,41.16666667,29,13,18.54166667,강남구,Sunday
2016-02-02,42,0.2,3.3,-7.9,-3.4,38,1.8,0,0,68,36,50.25,34,15,22.04166667,강남구,Tuesday
2016-02-03,7,4,3.1,-7.1,-1.4,51,1.6,0,0,115,48,64.33333333,48,19,31.45833333,강남구,Wednesday
2016-02-04,14,4.6,4.2,-1.3,1.2,47,2,0,0,78,42,56.29166667,38,15,26.70833333,강남구,Thursday
2016-02-05,21,3.5,3.8,-3.9,-0.6,40,1.9,0,0,73,30,47.41666667,31,11,19.125,강남구,Friday
2016-02-06,21,1.5,3.6,-4,-1.6,37,2.2,0,1,71,42,53.625,33,17,22.20833333,강남구,Saturday
2016-02-07,14,2.8,3.1,-6.5,-1.4,45,1.6,0,1,74,25,50.375,34,8,21.45833333,강남구,Sunday
2016-02-08,42,6.9,5.4,-2.1,2.6,60,2.3,0,1,199,30,76.625,104,18,39.83333333,강남구,Monday
2016-02-09,14,5.6,4,-0.7,2.3,46,2.3,0,1,124,40,52.33333333,66,7,23.875,강남구,Tuesday
2016-02-10,77,9.5,2.4,-2.6,3.3,44,1.3,0,1,62,29,43.95833333,31,11,22.33333333,강남구,Wednesday
2016-02-12,7,10.4,2.6,7.5,8.9,96,1.2,17,0,70,16,36.5,42,11,20.70833333,강남구,Friday
2016-02-13,21,15.3,4.7,6.5,11.4,96,1.7,18.5,1,30,9,15.54166667,17,1,9.416666667,강남구,Saturday
2016-02-14,28,6.5,4.8,-5.2,-1.3,69,3.5,1,1,43,14,32.5,23,11,17.20833333,강남구,Sunday
2016-02-15,56,-1.5,4.4,-8.2,-4.6,46,2.6,0,0,50,25,35.41666667,18,2,10.33333333,강남구,Monday
2016-02-16,21,1.9,4.5,-4.4,-1,61,2.3,0,0,52,20,28.58333333,32,6,14.29166667,강남구,Tuesday
2016-02-17,35,6.1,3.9,-2.5,1.6,52,1.9,0,0,61,20,40.95833333,25,7,13.66666667,강남구,Wednesday
2016-02-18,7,8.6,4.9,0.4,4.7,65,2.3,0,0,82,30,43.91666667,44,14,21.08333333,강남구,Thursday
2016-02-19,63,5.7,3.2,2.6,4.2,53,1.3,0,0,122,44,88.26086957,50,13,37.34782609,강남구,Friday
2016-02-20,56,7.4,4.8,-0.5,2.9,37,2,0,1,72,14,50.875,28,3,15.95833333,강남구,Saturday
2016-02-21,21,4,4,-1.2,0.9,34,2.1,0,1,41,17,27.83333333,18,4,11,강남구,Sunday
2016-02-22,28,4.6,2.8,-0.7,2.2,38,1.4,0,0,81,27,47.30434783,36,5,17.04347826,강남구,Monday
2016-02-23,28,5.2,5.1,-2.7,1.5,55,2.2,0,0,127,22,56.625,55,7,24.08333333,강남구,Tuesday
2016-02-24,35,1.9,3.7,-4.2,-1.6,39,2.1,0,0,58,19,34.54166667,29,5,15.66666667,강남구,Wednesday
2016-02-25,42,5.8,5.4,-3,1.6,50,2.3,0,0,103,25,52.875,57,8,25.5,강남구,Thursday
2016-02-26,28,7.2,3.6,-0.3,3.3,38,1.8,0,0,115,18,49.29166667,71,9,24.83333333,강남구,Friday
2016-02-28,7,6.7,3.7,-0.6,1.8,67,1.4,3.5,1,81,27,52.54166667,38,7,26.29166667,강남구,Sunday
2016-02-29,21,-0.2,5.2,-3.5,-2.2,44,2.8,0,0,79,36,59.20833333,41,11,25.91666667,강남구,Monday
2016-03-01,28,2,3.6,-4.7,-1.1,43,2.2,0,1,46,17,31.41666667,26,9,15.875,강남구,Tuesday
2016-03-02,84,9.1,4.3,-0.4,3.9,65,2,0,0,55,22,37.20833333,32,10,19.70833333,강남구,Wednesday
2016-03-03,35,13.5,2.6,5.1,8.5,63,1.3,0,0,95,24,52.55,62,12,26,강남구,Thursday
2016-03-04,14,19.7,2.6,6.5,12.8,59,1.4,0,0,100,48,71.20833333,49,16,34.125,강남구,Friday
2016-03-05,28,14.5,4.4,10.6,12.4,90,1.3,41,1,45,3,20.79166667,23,1,13.56521739,강남구,Saturday
2016-03-06,177,13.7,3.4,6.1,9.3,49,1.7,0,1,189,24,100.2916667,30,12,21.91666667,강남구,Sunday
2016-03-07,105,12.7,2.7,5.8,9.1,38,1.3,0,0,143,104,118.5,57,21,30.47826087,강남구,Monday
2016-03-08,49,8.7,4,0.6,4.1,37,2.3,0,0,180,68,122.5454545,37,9,20.375,강남구,Tuesday
2016-03-09,42,6.3,4.6,-1.1,1.5,37,2.4,0,0,71,36,50.22222222,23,6,14.91666667,강남구,Wednesday
2016-03-10,77,4,4.7,-2.1,0.4,35,2.3,0,0,41,28,33.54166667,21,9,13.79166667,강남구,Thursday
2016-03-11,28,4.6,4,-2.4,0.8,39,2.2,0,0,41,20,33.125,22,7,16.20833333,강남구,Friday
2016-03-12,70,6.9,3.7,-0.5,3.3,52,1.7,0,1,56,33,42.54166667,32,14,19.125,강남구,Saturday
2016-03-13,56,6.8,2.5,3.6,4.9,60,1.1,0,1,84,42,58.66666667,57,18,34.29166667,강남구,Sunday
2016-03-14,14,9.9,3.9,3.2,5.8,56,1.9,0,0,86,41,63.54166667,52,24,40.75,강남구,Monday
2016-03-15,21,12.5,3.2,1.9,6.9,38,1.5,0,0,116,37,64.16666667,40,18,26.54166667,강남구,Tuesday
2016-03-16,56,13.5,3.8,4.4,8.8,40,1.5,0,0,107,51,68.125,44,23,30.375,강남구,Wednesday
2016-03-17,21,15.1,2.8,3.8,10.2,42,1,0,0,104,56,78.875,54,20,37.04166667,강남구,Thursday
2016-03-18,28,19.1,3.3,9.3,13.3,50,1.5,0,0,113,32,69.91666667,57,13,34.875,강남구,Friday
2016-03-19,14,17.3,3.6,8.5,12.5,55,1.8,0,1,104,59,79.625,52,27,39.16666667,강남구,Saturday
2016-03-20,28,16.3,3.1,6.1,10.9,52,1.5,0,1,98,73,83.20833333,54,36,42.54166667,강남구,Sunday
2016-03-21,28,15.9,3.9,7.1,10.9,50,1.6,0,0,110,71,85.875,67,31,45.08333333,강남구,Monday
2016-03-22,21,13.9,3.6,4.9,9.1,51,2,0,0,88,52,68.41666667,62,26,38.41666667,강남구,Tuesday
2016-03-23,35,13.4,4.1,6.5,9,49,2.1,0,0,125,23,81.375,71,21,47.66666667,강남구,Wednesday
2016-03-24,91,12.2,3.8,4.3,8,36,2,0,0,79,17,39.25,39,7,20.125,강남구,Thursday
2016-03-25,91,11.5,3.7,3.9,7.7,44,1.5,0,0,85,42,71.5,45,16,33.45833333,강남구,Friday
2016-03-26,35,12.3,3.6,3,7.3,50,1.6,0,1,75,59,67.5,46,31,37.79166667,강남구,Saturday
2016-03-27,49,12.9,4.3,4,8,50,2.1,0,1,85,52,68.58333333,61,25,40.20833333,강남구,Sunday
2016-03-28,7,16.8,3.6,4.3,10.5,44,1.5,0,0,108,47,71.25,62,27,36.95833333,강남구,Monday
2016-03-29,134,18.2,4.9,9.1,12.2,55,2.4,0,0,116,80,96.95833333,63,35,49.5,강남구,Tuesday
2016-03-30,183,17.8,4.1,8,12.5,48,1.7,0,0,155,41,100.7916667,87,17,48.66666667,강남구,Wednesday
2016-03-31,28,20.9,3.2,7.5,14.4,28,1.5,0,0,72,32,51.20833333,39,14,18.58333333,강남구,Thursday
2016-04-01,70,24.1,4,9.5,16.4,29,1.4,0,0,115,58,74.66666667,46,16,28.5,강남구,Friday
2016-04-02,35,21.7,4.9,11.1,16.1,39,1.8,0,1,111,63,81.625,71,26,37.41666667,강남구,Saturday
2016-04-03,70,14.1,3.4,9.6,11.7,74,1.5,3,1,100,15,55.70833333,62,4,27.56521739,강남구,Sunday
2016-04-04,70,19.4,3.4,7.1,13.2,43,1.8,0,0,44,14,28.08695652,21,3,12.30434783,강남구,Monday
2016-04-05,105,17.9,4.3,7.3,12.4,40,1.9,0,0,75,41,57.79166667,31,13,21.16666667,강남구,Tuesday
2016-04-06,35,23,3.8,8.1,15,43,1.4,3.5,0,119,53,72.20833333,43,17,29.47619048,강남구,Wednesday
2016-04-07,7,20.8,4.6,10.9,14.8,69,2.1,7.5,0,78,20,45,39,14,27.3,강남구,Thursday
2016-04-08,21,19.7,4.8,8.7,11.8,75,2.1,0,0,212,38,87.875,77,21,40.54166667,강남구,Friday
2016-04-09,119,15.4,3.1,8.4,12,82,1.4,0,1,216,73,132.375,114,41,62.75,강남구,Saturday
2016-04-10,274,20.7,4.3,10.7,14.2,71,1.7,0,1,198,104,154.2083333,108,48,74.5,강남구,Sunday
2016-04-11,63,18.6,4.4,7.5,13,44,2.2,0,0,85,19,45.66666667,43,6,18.70833333,강남구,Monday
2016-04-12,56,19.7,3.4,10,14.9,43,1.5,0,0,93,40,57.54166667,42,19,26.95833333,강남구,Tuesday
2016-04-13,49,21.2,3.5,11.2,16,68,1.3,1,0,82,38,61.875,55,19,34.20833333,강남구,Wednesday
2016-04-14,56,18,4.1,9.6,13.3,75,2.1,0,0,82,25,61,48,17,32.41666667,강남구,Thursday
2016-04-15,63,23.4,4.4,10.3,16.2,45,1.7,0,0,78,35,57.41666667,39,17,27,강남구,Friday
2016-04-16,21,22,3.7,11.3,15.9,61,1.5,20.5,1,88,16,54.375,34,10,24.25,강남구,Saturday
2016-04-17,7,15,6.3,9.8,11.9,66,3.9,15.5,1,162,4,51.5,43,4,17.70833333,강남구,Sunday
2016-04-18,63,19.2,5.7,8.8,12.2,62,2.7,5,0,132,41,68.75,60,10,23.54166667,강남구,Monday
2016-04-19,21,19.1,3.8,8.5,13.1,54,1.7,0,0,99,29,49.66666667,38,14,22.125,강남구,Tuesday
2016-04-20,21,20.1,4.1,11.8,15.3,52,1.3,0,0,98,40,67.125,45,20,31.29166667,강남구,Wednesday
2016-04-21,42,18.3,2.9,10.8,14.2,88,1.7,20,0,59,13,28.59090909,32,9,18.04545455,강남구,Thursday
2016-04-22,204,22.6,4.9,12.2,15,80,2.1,0,0,164,14,86.45833333,80,9,48.33333333,강남구,Friday
2016-04-23,345,20,3.3,10.4,14.8,49,1.6,0,1,479,131,233.125,59,15,42.08333333,강남구,Saturday
2016-04-24,338,23.4,3.6,9.7,16.7,37,1.6,0,1,433,49,181.6666667,54,10,28,강남구,Sunday
2016-04-25,169,25.1,3.5,11.7,18.3,35,1.5,0,0,121,68,88.5,37,14,25.16666667,강남구,Monday
2016-04-26,155,29.8,4.2,13.7,21.4,36,1.5,0,0,105,69,83.66666667,34,24,29.04166667,강남구,Tuesday
2016-04-27,120,19.9,4.5,15.5,17.2,33,3,0,0,76,37,52.25,25,8,15.54166667,강남구,Wednesday
2016-04-28,28,22.6,3.5,13.7,17.7,34,1.8,0,0,92,38,62.625,39,10,22,강남구,Thursday
2016-04-29,63,22.2,4.1,13.3,17,46,1.8,0,0,103,43,67.20833333,49,17,28.45833333,강남구,Friday
2016-04-30,77,22.3,5.5,12.4,17.2,46,2.3,0,1,128,50,84.54545455,57,21,36.70833333,강남구,Saturday
2016-05-01,28,26.2,4.3,14.5,19.9,38,1.7,0,1,71,18,45.08333333,35,2,21.33333333,강남구,Sunday
2016-05-02,49,28.5,4.6,17.5,21.3,64,1.4,21,0,63,36,44.125,34,19,25.54166667,강남구,Monday
2016-05-03,42,18.6,6.3,9.6,13.9,87,3.4,31,0,29,3,17.66666667,19,2,9.125,강남구,Tuesday
2016-05-04,35,20.6,7.5,11.3,16.7,42,4.4,0,0,75,34,52.58333333,24,4,13.16666667,강남구,Wednesday
2016-05-05,63,27,2.8,11.8,19.4,46,1.4,2.5,1,68,36,51.20833333,43,12,22.58333333,강남구,Thursday
2016-05-06,21,19.9,3.7,14.1,17.1,88,1.4,7.5,0,206,8,47.625,34,3,21.29166667,강남구,Friday
2016-05-07,148,22.6,4.3,11.6,17.4,58,2.1,0,1,297,30,120.4583333,32,5,20.33333333,강남구,Saturday
2016-05-08,49,26.7,4.7,13.3,20.1,43,1.6,0,1,68,37,48.625,23,10,16.70833333,강남구,Sunday
2016-05-09,28,26.1,3.4,17.2,21,41,1.5,0,0,70,39,56.25,26,13,20.7826087,강남구,Monday
2016-05-10,14,19.8,3.6,13.7,15.3,77,1.9,14.5,0,80,10,28,31,5,14,강남구,Tuesday
2016-05-11,28,23.4,3.9,12.6,17.6,56,1.8,0,0,46,16,27.41666667,22,6,13.91666667,강남구,Wednesday
2016-05-12,63,24.8,5.2,14.5,19,57,2.2,0,0,40,14,24.75,30,4,15.73913043,강남구,Thursday
2016-05-14,21,27.7,4.4,16.4,21,44,1.6,0,1,49,14,29.95833333,36,6,18.91666667,강남구,Saturday
2016-05-15,169,24.6,4.6,13.2,18.3,73,2,41.5,1,40,1,26.26086957,32,1,18.7826087,강남구,Sunday
2016-05-16,28,22.3,4.7,11.7,16.8,53,2.7,4,0,66,7,31.66666667,51,1,19,강남구,Monday
2016-05-17,28,26.5,3.1,12.9,20.2,46,1.5,0,0,94,36,57.60869565,60,12,37.08695652,강남구,Tuesday
2016-05-18,14,29.4,3.6,15.1,23.2,41,1.5,0,0,62,20,46.66666667,45,12,30.66666667,강남구,Wednesday
2016-05-19,28,31.9,2.9,17.5,24.9,35,1.1,0,0,44,16,31.375,31,10,21.58333333,강남구,Thursday
2016-05-20,49,31.7,3.2,18.6,25,34,1.4,0,0,115,21,45.29166667,100,9,33.875,강남구,Friday
2016-05-21,7,30,2.9,18.6,24.6,26,1.4,0,1,52,20,31.33333333,41,16,25.90909091,강남구,Saturday
2016-05-22,21,31.5,3.1,18.5,24.9,37,1.5,0,1,98,27,47.20833333,78,28,42.55,강남구,Sunday
2016-05-23,35,30.1,3.5,19.3,24,42,1.5,0,0,96,35,54.15,86,32,48.05555556,강남구,Monday
2016-05-24,70,23,3.8,16.2,17.4,81,2.1,29.5,0,58,4,30.17391304,44,1,22.68181818,강남구,Tuesday
2016-05-25,49,24.8,3.6,16.3,20.4,67,1.8,0,0,128,46,91.5,98,32,64.5,강남구,Wednesday
2016-05-26,134,23.4,3.8,19,20.6,65,1.5,0,0,152,87,113.25,110,58,77,강남구,Thursday
2016-05-27,84,27.8,3.3,16.4,21.7,62,1.6,0,0,156,63,101.8181818,77,37,60.9,강남구,Friday
2016-05-28,42,27.9,3.4,18.2,22.7,52,1.7,0,1,102,65,82.75,63,24,43.91666667,강남구,Saturday
2016-05-29,35,27.7,3.6,19,22.6,49,1.7,0,1,132,69,92.75,71,25,46.66666667,강남구,Sunday
2016-05-30,35,28.8,4.2,18.4,23.2,53,2,0,0,160,58,97.75,113,36,59.45833333,강남구,Monday
2016-05-31,63,28.1,3.7,18.4,22.4,61,1.9,0,0,126,56,84.66666667,85,33,50.58333333,강남구,Tuesday
2016-06-01,84,29.8,3.6,18.6,24,44,1.6,0,0,60,28,42.30434783,39,15,24.34782609,강남구,Wednesday
2016-06-02,14,29.1,3.9,18.7,24.1,41,1.9,0,0,70,21,40.16666667,41,6,20.875,강남구,Thursday
2016-06-03,21,28.1,3.4,18.5,23.5,45,1.7,0,0,59,26,45.63636364,37,8,25.90909091,강남구,Friday
2016-06-04,35,26.5,3.2,19.5,22,52,1.4,0,1,76,48,58.70833333,43,21,32,강남구,Saturday
2016-06-05,21,31.3,2.9,18.8,25.1,48,1.4,0,1,70,31,53.45833333,46,17,32.66666667,강남구,Sunday
2016-06-06,7,27.4,3.4,21.5,23.4,51,1.5,0,1,50,12,21.54166667,36,4,13.91666667,강남구,Monday
2016-06-07,49,26.2,3.5,20.2,22.7,65,1.5,0,0,66,17,44.83333333,46,8,29.29166667,강남구,Tuesday
2016-06-08,63,27.1,3.5,18.4,22.3,66,1.9,0,0,50,26,38,32,15,24.65217391,강남구,Wednesday
2016-06-09,77,30.9,3.3,19.3,24.9,59,1.5,0,0,82,37,53.45833333,46,18,31.16666667,강남구,Thursday
2016-06-10,28,30.7,3.6,21.6,25,59,1.6,0,0,98,42,62.27272727,68,24,39.09090909,강남구,Friday
2016-06-11,77,27.6,3.1,21.6,24,74,1.5,20.5,1,74,32,48.20833333,47,18,30.54166667,강남구,Saturday
2016-06-12,56,27,3.5,21.4,23.8,82,1.7,0,1,67,13,28.625,45,9,20.20833333,강남구,Sunday
2016-06-13,7,30.2,3.7,20,24.3,69,1.8,0,0,88,52,67.04545455,49,29,39.04545455,강남구,Monday
2016-06-14,21,29.6,4.1,20.4,24.2,61,1.6,0,0,88,37,54.45833333,57,21,36.29166667,강남구,Tuesday
2016-06-15,14,25.4,3.6,17.5,21.3,82,1.7,34.5,0,59,14,35,43,10,25.29166667,강남구,Wednesday
2016-06-16,7,25,4.4,19.4,21.4,74,2.3,0,0,64,10,29.70833333,51,3,21.16666667,강남구,Thursday
2016-06-17,28,30,3.6,18.9,24.1,64,1.9,0,0,84,36,53.41666667,64,25,39.29166667,강남구,Friday
2016-06-18,7,30.6,4,20.9,25.2,58,1.4,0,1,92,36,65.95833333,75,18,48.95833333,강남구,Saturday
2016-06-19,7,29.3,3.9,21.6,24.9,63,1.6,0,1,64,22,42.08333333,49,10,30.70833333,강남구,Sunday
2016-06-20,28,30.4,2.7,20.8,25.5,64,1.3,0,0,83,30,52.625,58,20,37.56521739,강남구,Monday
2016-06-21,14,31.5,3.6,22,26.8,59,1.2,0,0,111,31,59.81818182,89,27,45.36363636,강남구,Tuesday
2016-06-22,21,30.6,3.7,22.3,24.9,74,1.5,5.5,0,125,8,65.25,98,9,50.3,강남구,Wednesday
2016-06-23,21,30.3,3.7,20.8,25.4,73,1.5,0,0,147,11,51.16666667,118,5,39,강남구,Thursday
2016-06-24,21,26.3,4.6,21.6,23.6,78,1.9,3,0,132,20,49.52941176,108,8,34.11764706,강남구,Friday
2016-06-25,28,27.7,4.8,19.9,23.4,63,2.6,0,1,50,21,34.5,29,9,19.25,강남구,Saturday
2016-06-26,7,30.7,4.1,20,25.1,58,2.1,0,1,49,12,32.45833333,38,3,20.95833333,강남구,Sunday
2016-06-27,14,30.1,2.8,21.3,25.3,55,1.3,0,0,54,26,35.83333333,36,14,22.54166667,강남구,Monday
2016-06-28,28,30.6,3.7,20.7,25.7,58,1.6,0,0,110,38,59.375,66,28,42.25,강남구,Tuesday
2016-06-29,14,30.7,3.5,22.8,26,58,1.7,0,0,67,19,38.45833333,50,10,27.79166667,강남구,Wednesday
2016-06-30,7,28.1,3.8,22.6,25.1,82,2,4,0,53,8,28.375,36,5,20.125,강남구,Thursday
2016-07-01,7,28.4,3.3,22.7,24.6,89,1.5,115.5,0,39,5,17.45833333,34,1,12.95652174,강남구,Friday
2016-07-02,14,28,3.1,21.2,24.3,80,1.9,3.5,1,32,2,14,19,1,9.130434783,강남구,Saturday
2016-07-04,7,24,3.3,20.4,21.7,91,1.9,41,0,48,6,23.31818182,32,1,14.54166667,강남구,Monday
2016-07-06,14,28.3,2.9,19.8,23.5,76,1.5,0.5,0,38,4,17.54545455,24,3,10.18181818,강남구,Wednesday
2016-07-07,14,28.8,2.6,21.3,24.5,75,1,2,0,100,8,46.125,75,3,31.86956522,강남구,Thursday
2016-07-09,14,33.8,3.8,23.7,28.8,63,1.7,0,1,60,19,39.95833333,41,11,24.20833333,강남구,Saturday
2016-07-10,14,34,3.4,24.3,28.7,62,1.5,0,1,66,24,38.41666667,51,9,25.375,강남구,Sunday
2016-07-12,14,31,3.4,22.8,26.8,70,1.4,2.5,0,75,12,38.83333333,64,10,28.625,강남구,Tuesday
2016-07-13,28,30.3,3.3,23.8,26.9,70,1.8,0,0,57,18,33.33333333,33,9,20.16666667,강남구,Wednesday
2016-07-14,7,32,3.5,24.2,27.7,66,1.7,0,0,41,11,26.27272727,26,4,16.28571429,강남구,Thursday
2016-07-15,7,29.5,3.4,23.2,26.4,62,1.6,2,0,31,6,19.95652174,17,3,10.54545455,강남구,Friday
2016-07-16,28,23.3,3.9,19.7,21.2,97,1.9,50,1,27,3,9.958333333,15,1,5.913043478,강남구,Saturday
2016-07-17,7,24.3,3.5,20.9,22.2,86,1.8,1,1,27,4,14.33333333,19,1,9.75,강남구,Sunday
2016-07-18,7,28.3,2.8,20.7,24.7,74,1.2,0,0,42,19,29,29,9,18,강남구,Monday
2016-07-19,14,32.1,2.9,21.1,26.8,70,1.3,0,0,58,18,38.04347826,38,13,23.86956522,강남구,Tuesday
2016-07-20,14,32.7,3.1,24,28.4,66,1.4,0,0,48,31,38.58333333,35,17,24.33333333,강남구,Wednesday
2016-07-21,21,32.4,2.5,25.4,28.5,62,1.3,0,0,48,20,32.33333333,36,13,22.16666667,강남구,Thursday
2016-07-22,14,34.1,2.8,26,29.6,63,1.4,0,0,76,26,38.13636364,33,16,24.19047619,강남구,Friday
2016-07-24,7,30.9,2.9,27.6,29,77,1.5,0,1,63,19,37.20833333,44,17,27.75,강남구,Sunday
2016-07-25,21,32.7,3.5,26.8,29.2,75,1.7,0,0,56,29,41.95833333,41,25,31.75,강남구,Monday
2016-07-26,14,32.8,3.7,26,28.9,71,1.9,0,0,46,21,35.04166667,33,15,24.73913043,강남구,Tuesday
2016-07-27,42,30,4.4,26.7,28.5,77,2.2,0,0,50,50,50,35,17,24.375,강남구,Wednesday
2016-07-28,7,31.3,4.5,25.9,28.6,71,2.1,1.5,0,109,57,95.375,73,19,42.41666667,강남구,Thursday
2016-07-29,7,29.2,2.5,23.4,26.9,85,1.2,33,0,98,1,55.08333333,57,2,29.47826087,강남구,Friday
2016-07-30,28,33.4,2.9,27,29.3,75,1.6,0,1,94,45,60.73333333,40,10,30.04166667,강남구,Saturday
2016-07-31,14,33.5,3.8,26.7,29.4,73,1.4,0,1,75.09800435,27.84173088,47.73372953,39,11,27.5,강남구,Sunday
2016-08-01,7,32.7,3.7,25.5,28.4,74,1.5,0,0,44,9,27.16666667,30,11,24.73684211,강남구,Monday
2016-08-02,14,31.7,4.1,24.1,27.4,77,1.1,7,0,57,11,30,28,7,18.7826087,강남구,Tuesday
2016-08-03,35,34.2,2.9,24.8,29.6,66,1.5,0,0,55,22,33.33333333,33,9,20.75,강남구,Wednesday
2016-08-04,14,35.5,2.7,26.5,31,62,1.5,0,0,52,15,35.5,33,9,23.36363636,강남구,Thursday
2016-08-06,7,35.2,3.1,26.8,31,66,1.4,0,1,117,32,66.41666667,78,18,43.625,강남구,Saturday
2016-08-07,21,35.1,3.3,28.1,31.5,55,1.7,0,1,79,24,42.125,38,16,28.66666667,강남구,Sunday
2016-08-08,21,35,3.1,27.2,30.6,64,1.4,0,0,57,24,40.95833333,44,15,28.75,강남구,Monday
2016-08-09,7,33.2,3,26.6,29.1,73,1.7,9.5,0,89,9,31.91304348,72,4,23.30434783,강남구,Tuesday
2016-08-10,21,34,3.2,26.8,30.1,66,1.6,0,0,103,27,59.42857143,79,16,42.68181818,강남구,Wednesday
2016-08-12,21,35.9,3.6,27.4,31,69,1.7,0,0,68,37,48,44,22,32.66666667,강남구,Friday
2016-08-14,7,32.1,3,28.4,29.6,77,1.3,2,1,56,31,43.30434783,42,17,30.36363636,강남구,Sunday
2016-08-16,28,34.9,3.8,26.7,30.2,61,1.4,0,0,88,38,55.45833333,61,20,31.95833333,강남구,Tuesday
2016-08-17,7,34.6,3.1,26.2,30.2,62,1.4,0,0,64,38,50.66666667,39,17,29.20833333,강남구,Wednesday
2016-08-18,28,34.9,2.5,26.8,30.2,65,1.1,0,0,85,37,60.33333333,62,25,38.19047619,강남구,Thursday
2016-08-19,7,32.9,2.5,27.8,30.1,68,1.3,0,0,89,31,64.41666667,62,27,45.375,강남구,Friday
2016-08-20,21,34.9,2.9,27.8,30.7,59,1.6,0,1,61,19,34.04166667,39,9,20.41666667,강남구,Saturday
2016-08-21,21,36.2,2.8,27.4,31,58,1.4,0,1,53,11,29.75,31,9,18.60869565,강남구,Sunday
2016-08-22,21,34.4,2.9,26.5,29.6,64,1.5,4,0,50,14,31.86956522,30,8,19.65217391,강남구,Monday
2016-08-23,7,34.1,2.6,26.4,29.4,65,1.5,0,0,94,13,40.33333333,69,9,27.375,강남구,Tuesday
2016-08-25,21,33.1,3.7,24.3,28,70,1.7,2,0,55,5,35.09090909,36,6,22.2173913,강남구,Thursday
2016-08-27,7,28.8,4.4,19.2,23.4,46,2.4,0,1,27,9,15.04166667,15,1,6.041666667,강남구,Saturday
2016-08-29,21,27.9,3.5,19.1,22.7,54,1.5,0,0,33,9,18.22727273,18,1,7.818181818,강남구,Monday
2016-08-30,7,25.1,4.4,19.2,21.6,58,2.3,0,0,50,15,32.29166667,17,3,10.30434783,강남구,Tuesday
2016-08-31,21,21.2,5.2,16.6,18.9,87,2.9,21.5,0,48,6,21.33333333,19,1,7.541666667,강남구,Wednesday
2016-09-01,42,29.8,5.7,17.7,24.6,71,2.1,0,0,110,32,72.66666667,67,11,38.95833333,강남구,Thursday
2016-09-02,7,28.8,3,20.2,24.2,72,1.5,11.5,0,78,16,37.125,52,9,25.69565217,강남구,Friday
2016-09-03,35,28.2,2.8,20.7,24.5,75,1.4,0.5,1,80,14,27.125,60,4,17.43478261,강남구,Saturday
2016-09-04,14,30.4,2.3,22.8,26.1,74,1.2,0,1,46,12,23.25,25,4,12.16666667,강남구,Sunday
2016-09-05,21,31.6,3.1,24.1,27.2,66,1.3,0,0,62,17,33.75,34,6,18.91666667,강남구,Monday
2016-09-06,28,29.4,3.4,22.1,25.4,71,1.6,0,0,120,42,63.81818182,83,22,39,강남구,Tuesday
2016-09-07,112,28.3,3,22.5,24.6,77,1.4,0,0,110,31,89.13636364,73,40,60.7826087,강남구,Wednesday
2016-09-08,63,26.8,3.2,22,23.9,72,1.1,1,0,84,42,62.1,54,20,33.36363636,강남구,Thursday
2016-09-09,21,29.1,3.6,21.1,24.4,71,1.5,0,0,75,24,46.66666667,41,15,29.08333333,강남구,Friday
2016-09-10,21,28.9,2.5,20.6,24.3,71,1.3,0,1,75,19,47.30434783,48,10,29.5,강남구,Saturday
2016-09-11,14,28,2.8,22.6,25.3,65,1,0,1,77,29,46.91666667,54,17,30.5,강남구,Sunday
2016-09-12,14,28.1,3.2,22.4,24.2,71,1.6,0,0,45,20,32.41666667,28,11,18.20833333,강남구,Monday
2016-09-13,49,30,4,20.6,24.9,65,1.4,6.5,0,41,5,19.04347826,26,2,9.956521739,강남구,Tuesday
2016-09-14,14,28.6,3,22.6,25,65,1.2,0,1,55,14,35.5,43,6,23.34782609,강남구,Wednesday
2016-09-15,14,29.7,2.5,19.7,24.4,69,1.1,0,1,66,34,46.58333333,40,10,30.29166667,강남구,Thursday
2016-09-16,21,29,2.6,21.2,24.8,70,1.2,0,1,105,37,60.54166667,79,22,41.16666667,강남구,Friday
2016-09-17,7,27.7,3.9,18.4,23,68,2.1,12.5,1,65,8,29.91666667,45,2,19.95833333,강남구,Saturday
2016-09-18,14,26.8,4.3,21.2,23.5,56,2.7,0,1,39,16,25.375,28,7,13.625,강남구,Sunday
2016-09-19,28,26.8,5.1,19.3,21.9,56,2.9,0,0,24,9,14.83333333,10,1,4.913043478,강남구,Monday
2016-09-20,35,25.5,4.3,17.3,20.9,43,2.4,0,0,41,6,19.54545455,26,3,10.68181818,강남구,Tuesday
2016-09-21,7,24.7,3.4,15.8,20.3,49,1.8,0,0,51,26,35.91666667,27,14,22.125,강남구,Wednesday
2016-09-22,35,26.6,2.6,18.6,21.9,51,1.5,0,0,66,31,43.75,40,21,29.16666667,강남구,Thursday
2016-09-23,14,26.7,2.4,16.9,21.8,62,1.3,0,0,89,29,55.70833333,64,23,35.45833333,강남구,Friday
2016-09-24,21,28,2.6,17.8,22.5,63,1.3,0,1,94,42,65.08333333,70,25,41.79166667,강남구,Saturday
2016-09-25,42,28.4,2.8,19.6,23.5,62,1,0,1,89,36,60.875,59,22,39.91666667,강남구,Sunday
2016-09-26,21,28,2.5,20.2,23.7,66,1.1,0,0,66,39,54.25,41,20,33.58333333,강남구,Monday
2016-09-27,21,23.8,2.3,18.8,21,87,1.1,13.5,0,61,22,40.16666667,42,12,26,강남구,Tuesday
2016-09-28,7,22.7,2.3,19.3,20.9,85,0.9,0.5,0,67,18,38.91666667,43,10,23.125,강남구,Wednesday
2016-09-29,7,24.5,3.5,18.7,20.5,65,2.1,0,0,24,3,13.20833333,16,1,6.086956522,강남구,Thursday
2016-09-30,28,24.5,2.3,18.7,21.2,67,1,0,0,79,16,35.30434783,39,5,15.7826087,강남구,Friday
2016-10-01,14,25.1,2.2,18.6,21.4,75,1,0,1,64,39,47.95833333,36,16,26.08333333,강남구,Saturday
2016-10-02,28,23.2,4.2,17.3,19.6,88,1.5,15,1,52,18,29.75,30,7,15.91666667,강남구,Sunday
2016-10-03,14,27.9,4.2,20.7,23.9,73,1.9,5.5,1,41,1,17.33333333,23,1,9.375,강남구,Monday
2016-10-04,56,28.3,3.3,17.1,22.1,64,1.9,0,0,43,16,33.95833333,24,7,15.41666667,강남구,Tuesday
2016-10-05,21,26.8,3.9,18.9,21.6,62,2.3,0,0,55,11,29,32,4,12.625,강남구,Wednesday
2016-10-06,84,23.8,3,15.4,19.1,58,1.6,0,0,54,29,44.08333333,29,10,18.79166667,강남구,Thursday
2016-10-07,63,24.3,2.7,17,19.8,72,1.6,1.5,0,48,14,28.83333333,25,6,13.25,강남구,Friday
2016-10-08,35,22.1,4.6,11.5,17.6,66,2.1,6,1,41,9,23.25,20,5,11.375,강남구,Saturday
2016-10-09,35,16.5,3.3,8.5,12.4,44,1.8,0,1,38,10,19.25,16,5,9.708333333,강남구,Sunday
2016-10-10,14,20.6,2.6,10.1,14.7,42,1.3,0,0,50,15,28.91666667,24,5,11.91304348,강남구,Monday
2016-10-11,42,21.1,2.9,11.6,16.3,63,1.5,0,0,82,26,48.41666667,50,11,23,강남구,Tuesday
2016-10-12,35,20.4,3.1,13.7,16.7,54,1.4,0,0,98,33,59.56521739,50,13,29.34782609,강남구,Wednesday
2016-10-13,105,21,2.8,11.5,16,46,1.2,0,0,65,33,45.04166667,38,12,21.04166667,강남구,Thursday
2016-10-14,63,23.4,1.9,12.1,17.3,65,1,0,0,131,44,81.16666667,78,24,45.04166667,강남구,Friday
2016-10-15,28,25.7,2.3,13.7,19.3,64,1,0,1,114,48,82.41666667,72,30,50.16666667,강남구,Saturday
2016-10-16,35,19.7,2.2,15.9,17.6,77,1,1,1,65,46,56.125,48,28,36.70833333,강남구,Sunday
2016-10-17,28,22.5,3.5,15.3,18.2,78,1.2,0,0,67,41,54.625,45,26,33.70833333,강남구,Monday
2016-10-18,35,23,2.1,13.5,17.7,75,1.1,0,0,98,48,59.875,48,19,30.41666667,강남구,Tuesday
2016-10-19,14,24.3,3,15.4,18.7,70,1.4,0,0,119,50,67.375,60,23,35.41666667,강남구,Wednesday
2016-10-20,14,25.1,3.4,14.1,18.9,66,1.3,0,0,92,22,69.625,57,8,38.625,강남구,Thursday
2016-10-21,21,21.3,3.2,16.6,18.2,60,1.6,0,0,39,11,25.20833333,24,5,12.29166667,강남구,Friday
2016-10-23,7,18.8,4.3,11.2,13.8,70,2.7,3,1,33,2,11.70833333,20,1,5.916666667,강남구,Sunday
2016-10-24,56,20.2,2.7,10.4,15.4,56,1.5,0,0,26,9,17.25,16,1,7.5,강남구,Monday
2016-10-25,63,18.4,2.3,12.5,14.7,86,1.1,35.5,0,40,5,17.875,21,1,9.75,강남구,Tuesday
2016-10-26,35,17.1,2.3,11.3,14.2,84,0.9,0,0,85,21,46.75,45,9,22.41666667,강남구,Wednesday
2016-10-27,35,19.9,3,10.9,15.6,68,1.2,0,0,71,34,48.70833333,34,13,23.16666667,강남구,Thursday
2016-10-28,14,18.7,3.5,11.5,15.5,63,1.5,0,0,57,29,42,30,8,17.7826087,강남구,Friday
2016-10-29,49,11.9,3.6,6.4,9.4,39,2,0,1,56,26,39.33333333,28,9,17,강남구,Saturday
2016-10-30,63,14.2,2.2,4.6,9.3,32,1.2,0,1,40,12,28,22,5,11,강남구,Sunday
2016-10-31,49,10,3.7,2.5,7.2,54,1.5,0,0,49,17,33.125,22,5,14.875,강남구,Monday
2016-11-01,84,6.6,3.7,-0.3,3,41,2,0,0,43,15,24.5,20,1,10.08333333,강남구,Tuesday
2016-11-02,56,10,3,0.3,5.2,54,1.2,0,0,57,28,38.54166667,26,7,16.20833333,강남구,Wednesday
2016-11-03,14,14.2,3.1,6.1,10,62,1.4,0,0,63,25,42.63636364,35,13,22.95454545,강남구,Thursday
2016-11-04,63,16.3,3.8,9.6,13.1,65,1.8,0,0,100,50,65.70833333,46,20,33.5,강남구,Friday
2016-11-05,63,18.6,4.2,12.7,15.4,79,1.7,0,1,118,46,78.375,73,25,44.25,강남구,Saturday
2016-11-06,28,17,3.3,13.2,14.6,62,1.8,0,1,129,9,34.45833333,60,2,19.20833333,강남구,Sunday
2016-11-07,63,18.1,3.6,9.4,13.7,69,1.6,4.5,0,63,21,39.125,47,14,24.08695652,강남구,Monday
2016-11-08,21,9.5,4,2.2,5.5,57,2.4,0.5,0,93,46,71.70833333,71,31,52.875,강남구,Tuesday
2016-11-09,28,8.6,2.6,-0.3,3.9,39,1.4,0,0,55,34,45.25,37,19,28.41666667,강남구,Wednesday
2016-11-10,77,10.6,2.4,3.1,6.8,60,1.4,0.5,0,56,24,42.5,38,13,24.08333333,강남구,Thursday
2016-11-11,14,14.4,4,7.3,10.5,61,1.7,1.5,0,91,6,54.08333333,31,5,19.91666667,강남구,Friday
2016-11-12,77,17.3,3.8,7.2,12.4,62,1.6,0,1,97,74,83.29166667,39,24,31.08333333,강남구,Saturday
2016-11-13,21,18.6,1.8,12.6,15.1,75,0.8,0,1,82,57,68.16666667,35,22,28.79166667,강남구,Sunday
2016-11-14,42,17,3.1,12,14.4,79,1.3,3,0,102,22,56.625,54,12,28.70833333,강남구,Monday
2016-11-15,14,12,3.6,4.4,7,41,2.3,0,0,100,38,66.625,44,7,20.41666667,강남구,Tuesday
2016-11-16,35,11.7,2.3,2.2,6.9,46,1.2,0,0,98,49,61.33333333,49,22,28.16666667,강남구,Wednesday
2016-11-17,42,15.4,1.9,5.4,10.1,56,0.9,0,0,149,52,90.63636364,88,14,46.45454545,강남구,Thursday
2016-11-18,56,14.9,2.8,6.3,10.9,63,1.3,0,0,128,85,105.5652174,83,43,64.17391304,강남구,Friday
2016-11-19,42,18.3,3,11.2,13.9,71,1.4,0,1,90,38,65.08333333,54,24,41.08333333,강남구,Saturday
2016-11-20,14,15,3.6,8.4,11.4,49,1.6,0,1,66,22,48.20833333,39,15,27.91666667,강남구,Sunday
2016-11-21,42,14.5,3.2,6.9,10.6,44,1.2,0,0,95,51,70.58333333,49,20,33.625,강남구,Monday
2016-11-22,133,10,4.4,-0.1,3.5,44,2.7,0,0,92,29,50,41,6,21.72727273,강남구,Tuesday
2016-11-23,63,4,4.3,-2.6,0,37,2,0,0,59,33,44.5,27,6,16.91666667,강남구,Wednesday
2016-11-24,70,2.2,3.4,-3.2,-0.6,36,1.8,0,0,44,23,30.375,22,5,13.625,강남구,Thursday
2016-11-25,105,7,3.1,-1.1,2.3,47,1.3,0,0,83,20,45.91666667,43,11,21.91666667,강남구,Friday
2016-11-26,49,3.2,2.5,0.4,1.7,73,1.2,1,1,86,48,64.70833333,72,22,40.04166667,강남구,Saturday
2016-11-27,35,6.9,2.4,2.4,4.4,84,1.1,0.5,1,113,49,74.5,77,30,51.29166667,강남구,Sunday
2016-11-28,70,5.7,3.2,1,2.9,55,2.1,0,0,171,24,95.79166667,82,10,44.73913043,강남구,Monday
2016-11-29,14,7.7,2.4,0.3,3.4,41,1.1,0,0,72,24,40.75,46,13,21.58333333,강남구,Tuesday
2016-11-30,42,10.5,3,2.8,7.2,59,1.3,1.5,0,68,35,47.33333333,46,13,26.25,강남구,Wednesday
2016-12-01,49,8.5,4.9,1.5,5.8,45,2.3,0,0,130,22,57.04166667,62,4,28.375,강남구,Thursday
2016-12-02,42,7.3,3.5,0,3.5,47,1.3,0,0,76,23,41.29166667,33,8,17.75,강남구,Friday
2016-12-03,21,10.3,2.2,0.8,5.4,60,1.1,0,1,83,38,59.875,57,22,33,강남구,Saturday
2016-12-04,28,9.3,2,3.2,6.4,62,0.9,0,1,110,61,88.58333333,82,36,56.375,강남구,Sunday
2016-12-05,155,11.1,4.3,2.1,6.8,70,2.1,1,0,154,33,96.60869565,90,18,62.56521739,강남구,Monday
2016-12-06,35,4.1,4,-2.4,0.6,38,1.9,0,0,40,20,29.70833333,29,2,14.125,강남구,Tuesday
2016-12-07,49,7.8,2.9,-0.6,3.4,53,1.3,0,0,107,25,57.73913043,72,8,30.95652174,강남구,Wednesday
2016-12-08,35,7.2,2.7,-0.6,3.3,75,1.3,2,0,85,32,60.19047619,55,12,37.14285714,강남구,Thursday
2016-12-09,42,5.4,4,-0.9,2.8,64,2.2,2,0,53,25,35.95833333,36,9,23.625,강남구,Friday
2016-12-10,77,4.1,3.3,-2.8,0.1,46,1.5,0,1,49,24,36.08333333,30,12,21.79166667,강남구,Saturday
2016-12-11,98,5.1,2.2,-3.5,0.6,41,1.2,0,1,58,24,34.33333333,38,4,21.91666667,강남구,Sunday
2016-12-12,127,6.4,2.5,-1.4,3,44,1.2,0,0,84,30,48.68181818,44,20,28.45454545,강남구,Monday
2016-12-13,63,8.7,3.4,1.7,4.4,54,1.4,0,0,92,44,63.625,50,21,37.45833333,강남구,Tuesday
2016-12-14,113,1.7,2.9,-0.4,0.3,66,1.9,0,0,74,48,58.58333333,39,22,31.41666667,강남구,Wednesday
2016-12-15,84,0,4,-5.2,-3.3,39,2.3,0,0,61,19,36.125,29,9,16.83333333,강남구,Thursday
2016-12-16,105,0.7,3.5,-6.5,-2.8,39,1.6,0,0,42,27,33.66666667,25,10,16,강남구,Friday
2016-12-17,49,7.8,2,-0.7,3.5,61,1.2,0,1,90,32,60.54166667,56,18,33.625,강남구,Saturday
2016-12-18,56,8.6,2.1,3.8,6.2,68,1,0,1,71,36,51.95833333,49,18,34.625,강남구,Sunday
2016-12-19,77,11.5,2.5,4.5,7.9,68,1.3,0,0,58,28,41.375,32,15,25.08333333,강남구,Monday
2016-12-20,91,13.7,2,5.9,8.9,68,0.9,0,0,90,25,55.16666667,50,23,34.95833333,강남구,Tuesday
2016-12-21,84,12.8,4.6,4.8,8.4,78,1.9,38,0,53,10,38.5,39,6,23.66666667,강남구,Wednesday
2016-12-22,42,12.6,4.4,3.4,6.7,91,2.7,23,0,98,5,31.04166667,78,1,22.41666667,강남구,Thursday
2016-12-23,84,3.5,4.3,-2.9,-1,68,2.6,0,0,74,44,56.16666667,48,25,37.04166667,강남구,Friday
2016-12-24,49,1.4,2.6,-2.8,-1,63,1.4,0,1,96,56,71.16666667,72,43,52.5,강남구,Saturday
2016-12-25,98,6.3,2.4,-2.4,2,72,1.2,0,1,77,38,55.41666667,54,31,39.91666667,강남구,Sunday
2016-12-26,112,5.5,3,2.6,3.7,73,1.1,0,0,77,16,45.29166667,47,9,28.625,강남구,Monday
2016-12-27,56,3.2,5,-4,-0.7,54,2.3,0.5,0,78,30,44.58333333,47,12,26.95833333,강남구,Tuesday
2016-12-28,63,2.5,3.4,-5.7,-2.1,46,1.6,0,0,85,25,45.60869565,57,13,24.13043478,강남구,Wednesday
2016-12-29,190,-0.6,4.3,-5,-2.7,49,2.1,0,0,60,24,38.75,26,7,15.375,강남구,Thursday
2016-12-30,49,1.6,2.3,-6.3,-2.1,49,1.3,0,0,62,29,46.66666667,48,13,24.33333333,강남구,Friday
2016-12-31,56,5,2.2,-1.8,1.6,66,1.2,0,1,89,40,60.875,63,23,38.91666667,강남구,Saturday
2016-01-01,21,4.2,1.9,-3.9,0.6,81,0.8,0,1,97,57,76.5,58,35,45.41666667,강동구,Friday
2016-01-02,14,9.6,2.3,1.2,5.6,79,0.7,0,1,78,32,55.70833333,39,19,31.45833333,강동구,Saturday
2016-01-04,28,7.2,2.3,-0.9,3.6,52,0.9,0,0,171,10,76.58333333,101,1,38.41666667,강동구,Monday
2016-01-08,14,2.7,2,-7.1,-2.1,53,0.9,0,0,59,22,36.86363636,36,11,18.79166667,강동구,Friday
2016-01-13,7,1.8,2.7,-8.2,-3.1,64,1.1,0,0,81,32,47.41666667,40,12,22.875,강동구,Wednesday
2016-01-14,7,2.5,2.8,-8.4,-2.6,58,0.9,0,0,86,40,51.58333333,39,13,24.125,강동구,Thursday
2016-01-18,7,0.8,3.4,-10.8,-4.6,57,1.5,0,0,97,25,63.7,70,4,31.66666667,강동구,Monday
2016-01-19,7,-7,3.2,-13.5,-10.8,46,1.7,0,0,60,26,38.39130435,16,7,11.52173913,강동구,Tuesday
2016-01-20,14,-5.1,2.5,-14.1,-9.4,57,1.2,0,0,72,27,46.79166667,35,13,23.33333333,강동구,Wednesday
2016-01-24,21,-9.3,2.5,-16.6,-12.8,51,1.2,0,1,61,21,43.41666667,28,6,18.41666667,강동구,Sunday
2016-01-25,7,-2.2,2.7,-14.9,-8.5,55,1,0,0,88,36,55.625,31,6,17.75,강동구,Monday
2016-01-27,7,4.8,2.6,-4,0,64,0.8,0,0,107,55,76.70833333,58,21,34.16666667,강동구,Wednesday
2016-01-29,7,6.6,4.6,-0.8,2.5,55,2,0,0,84,15,46.91666667,39,4,19.91666667,강동구,Friday
2016-01-31,7,1.5,4,-4.9,-2.3,39,1.3,0,1,73,30,43.29166667,36,13,19.45833333,강동구,Sunday
2016-02-02,7,1.9,3.1,-10.4,-4.1,48,1.3,0,0,82,47,55.23809524,46,16,25.77272727,강동구,Tuesday
2016-02-04,7,5.8,2.3,-4.8,0.2,57,0.9,0,0,105,55,67.26086957,64,17,34.125,강동구,Thursday
2016-02-08,7,7.2,4.7,-5.3,1.5,67,1.7,0,1,194,34,79.20833333,94,15,38.20833333,강동구,Monday
2016-02-12,7,10.2,2.2,7.2,8.7,96,0.9,16.5,0,52,11,33.16666667,34,11,21.08333333,강동구,Friday
2016-02-13,14,15.2,3,7.1,10.9,98,1.1,19.5,1,34,5,17.33333333,19,4,10.625,강동구,Saturday
2016-02-18,21,8.8,5.3,-2,4.4,74,2.1,0,0,70,36,47.63636364,29,14,21.63636364,강동구,Thursday
2016-02-19,21,5.8,2.2,0.9,3.5,68,1,0,0,110,62,94.83333333,52,24,40,강동구,Friday
2016-02-20,7,8.5,4.2,-1.6,2.1,47,1.3,0,1,89,19,59.33333333,52,6,24.79166667,강동구,Saturday
2016-02-23,7,6.6,3.2,-3.1,1.2,63,1.2,0,0,112,19,53.04166667,48,7,23.66666667,강동구,Tuesday
2016-02-26,14,7.7,3.2,-1.9,3.1,47,1.1,0,0,106,27,49.625,44,14,25.66666667,강동구,Friday
2016-02-27,21,8.2,2.8,0.7,3.6,72,1.2,0.5,1,122,50,69.73913043,63,21,37.13043478,강동구,Saturday
2016-02-29,28,0.1,2.7,-4.4,-2.6,53,1.2,0,0,88,34,59.16666667,46,16,27.70833333,강동구,Monday
2016-03-01,7,2.9,3.4,-7.6,-1.7,57,1.3,0,1,56,19,36.29166667,31,8,19.125,강동구,Tuesday
2016-03-04,28,19,3.2,4.9,12.1,68,1.2,0,0,99,37,73.34782609,53,12,33.95652174,강동구,Friday
2016-03-05,7,13.9,4.5,11,12.2,93,1.8,35.5,1,38,5,20.75,30,3,14.16666667,강동구,Saturday
2016-03-06,28,14,3.7,6,9,59,1.3,0,1,160,31,89.58333333,47,5,30,강동구,Sunday
2016-03-08,14,8.2,2.9,-0.1,4.4,41,1.3,0,0,168,31,68.79166667,46,14,24.83333333,강동구,Tuesday
2016-03-09,14,8.4,3.2,-1.7,2,43,1.8,0,0,80,39,52.58333333,35,11,20.29166667,강동구,Wednesday
2016-03-10,14,5.2,3.4,-2.9,0.7,41,1.5,0,0,50,28,38.04166667,25,12,16.70833333,강동구,Thursday
2016-03-12,7,7.8,3.4,-3.1,2.6,63,1.4,0,1,73,38,53.20833333,32,13,21.58333333,강동구,Saturday
2016-03-13,7,7,2.5,1.9,4.2,74,1.2,0,1,107,48,70.375,54,21,34.16666667,강동구,Sunday
2016-03-15,21,12.7,3.1,-1.2,6.4,51,1.1,0,0,104,46,66.125,48,17,31.47826087,강동구,Tuesday
2016-03-18,7,19.1,3.2,7.3,12.7,60,1,0,0,117,40,72.91666667,68,9,35.16666667,강동구,Friday
2016-03-19,35,17.7,3.1,7.5,12.3,64,1.3,0,1,110,59,81.33333333,50,21,37.33333333,강동구,Saturday
2016-03-21,21,17,4,4.4,10.5,61,1.2,0,0,111,76,89.66666667,59,35,44.54166667,강동구,Monday
2016-03-25,7,12.1,3.3,2.2,7.2,53,1.2,0,0,88,33,70.45833333,41,14,32.70833333,강동구,Friday
2016-03-26,7,13.4,2.7,1.1,6.9,57,1,0,1,91,60,71.33333333,50,26,37.58333333,강동구,Saturday
2016-03-27,28,14.1,3.6,1.1,7.4,55,1.4,0,1,84,51,69.54166667,50,20,37.08333333,강동구,Sunday
2016-03-31,7,20.9,2.2,4.8,13.3,39,0.9,0,0,79,39,54.91666667,48,12,23.58333333,강동구,Thursday
2016-04-02,21,22.3,3.1,8.3,15.4,48,1.2,0,1,98,70,81.33333333,52,27,37,강동구,Saturday
2016-04-03,21,13.3,5.1,8.6,11,83,1.7,3,1,121,16,59.45833333,70,5,31.375,강동구,Sunday
2016-04-04,49,19.8,3.7,5.4,12.6,51,1.6,0,0,42,10,27.77272727,18,6,12.13636364,강동구,Monday
2016-04-06,7,22.5,4.6,6,14.4,52,1.2,3.5,0,96,52,74.5,43,22,30.5,강동구,Wednesday
2016-04-08,7,20.4,3.2,8.8,12.4,80,1.6,0,0,192,33,82.70833333,74,20,35.29166667,강동구,Friday
2016-04-09,119,15.3,2.6,8.1,11.9,87,1,0,1,209,79,123.25,68,42,54.08333333,강동구,Saturday
2016-04-10,56,21.3,3.4,9.6,14.3,77,1.3,0,1,176,132,149.875,75,42,57.5,강동구,Sunday
2016-04-11,7,18.7,3.3,6.7,12.7,50,1.6,0,0,67,26,43.58333333,27,8,17.66666667,강동구,Monday
2016-04-12,14,19.6,3.5,8.9,13.9,53,1.4,0,0,95,37,58.04166667,37,18,25.29166667,강동구,Tuesday
2016-04-13,14,20.9,2.6,10.6,15.3,76,1.1,1,0,84,26,61.33333333,43,19,32.5,강동구,Wednesday
2016-04-14,14,19.7,4.5,10.3,13.5,79,1.3,0,0,96,36,64.625,54,21,31.58333333,강동구,Thursday
2016-04-15,21,23.4,3.3,8.3,15.5,52,1.4,0,0,80,37,59.41666667,45,10,26.5,강동구,Friday
2016-04-19,21,19.3,3.1,7.4,12.8,64,1.2,0,0,82,29,50.25,33,11,21.70833333,강동구,Tuesday
2016-04-22,49,22.6,4,11.4,15.1,84,1.5,0,0,182,16,90.41666667,76,13,48.29166667,강동구,Friday
2016-04-23,49,20.3,2.3,9.1,14.2,55,1.2,0,1,475,120,223.5833333,75,13,37.625,강동구,Saturday
2016-04-24,63,22.8,3.5,7.3,15.4,47,1.3,0,1,406,53,164.4583333,48,10,24.79166667,강동구,Sunday
2016-04-25,14,25.5,2.5,9.2,17.2,48,1,0,0,122,65,86.5,31,13,24.25,강동구,Monday
2016-04-26,14,28.7,4.2,10.8,20.3,47,1.6,0,0,104,70,85.33333333,33,19,27.54166667,강동구,Tuesday
2016-04-28,35,23,3.8,12,17,42,1.6,0,0,96,33,63.33333333,33,10,19.75,강동구,Thursday
2016-04-29,14,23.4,3.2,11.9,16.9,52,1.5,0,0,99,43,67.95833333,40,16,26.16666667,강동구,Friday
2016-04-30,28,22.2,4.9,11.6,16.9,54,1.8,0,1,144,52,81.83333333,61,17,36.5,강동구,Saturday
2016-05-01,28,26.2,3.5,11.6,18.7,50,1.2,0,1,82,28,51.04166667,41,6,22.29166667,강동구,Sunday
2016-05-02,7,28.3,4.6,15.3,20.7,72,1.6,21,0,82,36,49.86956522,40,20,26.39130435,강동구,Monday
2016-05-03,7,18.4,6,9.4,13.8,91,3.3,30.5,0,32,6,16.83333333,20,2,9.043478261,강동구,Tuesday
2016-05-04,7,21.6,4,10.8,16.6,51,2.1,0,0,88,35,54.5,20,7,12.7826087,강동구,Wednesday
2016-05-06,7,18,2.8,13.7,16,96,0.9,6.5,0,302,9,59.625,39,6,24.5,강동구,Friday
2016-05-07,35,22.8,2.8,11.6,16.9,67,1.4,0,1,305,41,147.7916667,50,6,26.375,강동구,Saturday
2016-05-08,7,26,4.2,11.3,19,57,1.3,0,1,85,40,58.25,25,10,17.08333333,강동구,Sunday
2016-05-09,14,26.6,3.2,15.1,20.2,56,1.3,0,0,82,52,67.54166667,30,15,21.95833333,강동구,Monday
2016-05-13,7,24.7,4.3,13,18.5,67,1.5,0,0,81,16,41.33333333,50,5,22.41666667,강동구,Friday
2016-05-14,7,26.5,3.4,14.8,20.1,57,1.4,0,1,58,15,34.56521739,39,4,18.66666667,강동구,Saturday
2016-05-16,7,23.4,3.4,11,16.9,58,1.5,3,0,75,8,36.2173913,39,3,17.39130435,강동구,Monday
2016-05-23,7,29.1,2.6,16.8,22.9,55,1.2,0,0,119,43,70.58333333,62,32,45.125,강동구,Monday
2016-05-24,7,21.9,3.3,15.6,17.4,86,1.6,31,0,83,4,36.04545455,70,2,25.43478261,강동구,Tuesday
2016-05-25,7,25.3,4.3,15.4,20.2,73,1.7,0,0,139,50,93.20833333,83,45,59,강동구,Wednesday
2016-05-26,14,24.3,2.8,17.6,20.3,75,1.2,0,0,159,91,119.5833333,87,54,71.20833333,강동구,Thursday
2016-05-29,7,28.2,2.7,17.1,21.8,67,1.1,0,1,121,65,86.66666667,57,30,40,강동구,Sunday
2016-05-30,7,29.1,3.3,15.9,22.6,64,1.2,0,0,154,60,96.25,93,30,51.45833333,강동구,Monday
2016-05-31,14,28.7,3.7,17.3,22.3,70,1.3,0,0,162,56,92.41666667,95,27,47.95833333,강동구,Tuesday
2016-06-04,7,26.1,3.4,17.3,20.9,66,1.3,0,1,85,46,61.70833333,43,22,32.83333333,강동구,Saturday
2016-06-06,21,28.2,4.4,19.9,22.8,61,1.8,0,1,43,9,22.79166667,30,6,13.79166667,강동구,Monday
2016-06-07,14,27,3,19.6,22.6,72,1.4,0,0,75,8,44.83333333,48,11,26.91666667,강동구,Tuesday
2016-06-10,7,31.8,2.8,19.4,25.1,69,1,0,0,114,40,69.16666667,59,19,39.625,강동구,Friday
2016-06-12,21,27.8,2.7,21.2,24,85,1,5,1,58,22,30.73913043,34,9,21.29166667,강동구,Sunday
2016-06-15,42,25.5,6.2,16.9,21.1,88,1.9,22.5,0,60,19,36.66666667,39,3,22.7826087,강동구,Wednesday
2016-06-16,28,25.7,3.8,19.1,21.7,78,1.5,0,0,62,5,30.125,36,4,18.95833333,강동구,Thursday
2016-06-17,28,29.4,4,17.9,24,70,2,0,0,75,42,55.625,51,26,36.25,강동구,Friday
2016-06-18,35,31.1,2.7,18.9,24.2,70,1.1,0,1,95,48,65.91666667,66,29,42.33333333,강동구,Saturday
2016-06-22,7,30.3,3.7,21.1,24.1,84,1.4,7.5,0,122,9,67.25,95,5,45.20833333,강동구,Wednesday
2016-06-26,7,32.1,3,18.3,24.7,66,1.3,0,1,54,14,34.29166667,31,8,19.54166667,강동구,Sunday
2016-07-01,7,27.9,4.1,22.6,24.1,94,1.7,113.5,0,46,4,20.33333333,28,1,12.45833333,강동구,Friday
2016-07-04,7,23.4,3.4,20,21.2,95,1.5,39,0,48,2,22.25,31,1,13.04166667,강동구,Monday
2016-07-09,7,33.8,3.1,21.7,27.4,76,1,0,1,54,23,38.75,35,13,22.875,강동구,Saturday
2016-07-10,7,33.6,2.4,22.8,27.9,75,1,0,1,57,28,39.45833333,42,15,25.82608696,강동구,Sunday
2016-07-11,14,33.6,3.8,23.7,27.8,79,1.1,2.5,0,79,35,56.90909091,60,28,38.29166667,강동구,Monday
2016-07-13,7,30.4,2.7,21.8,26.4,78,1.1,0,0,48,23,37.77272727,31,12,21.95454545,강동구,Wednesday
2016-07-17,7,23.8,4.2,20.7,21.9,90,1.6,1,1,29,3,15.08333333,20,1,10.83333333,강동구,Sunday
2016-07-19,7,31.4,3.4,19.9,25.7,80,1.4,0,0,71,24,38.54166667,36,13,22.125,강동구,Tuesday
2016-08-06,14,34.4,4.6,24.8,29.1,83,1.1,13.5,1,118,31,62.25,63,21,38.7826087,강동구,Saturday
2016-08-12,28,35.9,2.3,25.3,30.7,76,1.1,0,0,70,33,48.29166667,44,19,30.125,강동구,Friday
2016-08-14,14,31.3,2.8,26.7,27.9,91,1.1,14,1,57,27,39.13043478,44,18,30.47826087,강동구,Sunday
2016-08-22,7,34.5,3.6,25.1,29.5,70,1.6,0,0,52,14,30.61904762,36,5,18.39130435,강동구,Monday
2016-08-28,7,24.3,5,17.4,19.9,78,2.2,4.5,1,17,5,11.83333333,9,1,4.625,강동구,Sunday
2016-09-01,21,30,6.9,16.3,23.5,79,2.4,0,0,112,28,73.20833333,69,3,36.58333333,강동구,Thursday
2016-09-02,7,28.1,4.1,19.9,23.5,80,1.8,2,0,96,14,36.16666667,53,8,24.625,강동구,Friday
2016-09-03,7,27.9,2.8,20.4,23.5,85,1,0,1,43,14,23.58333333,24,4,12.82608696,강동구,Saturday
2016-09-07,21,28.2,2.6,20.7,23.7,86,1.3,5,0,103,38,71.75,67,25,52.54166667,강동구,Wednesday
2016-09-08,7,27.9,2.6,20.2,23.1,84,1.1,0.5,0,81,39,53.29166667,46,20,30.625,강동구,Thursday
2016-09-09,7,28.8,3.1,19.5,23.1,84,1.2,0.5,0,64,24,48.29166667,45,12,27.70833333,강동구,Friday
2016-09-10,14,28,3.1,19.2,23.2,80,1.3,0,1,66,20,45.58333333,41,8,26.16666667,강동구,Saturday
2016-09-17,7,26.7,4.4,18.1,22.4,75,1.8,11.5,1,96,8,31.91666667,60,5,21.125,강동구,Saturday
2016-09-19,7,26.9,3.8,18.1,21.2,66,2,0,0,24,10,14.30434783,11,2,5.181818182,강동구,Monday
2016-09-29,21,23.4,4,18,19.9,70,1.9,0,0,18,3,12.5,10,2,4.958333333,강동구,Thursday
2016-10-03,7,27.2,4.9,18.5,22.9,80,1.3,7,1,47,5,18.375,25,2,10.25,강동구,Monday
2016-10-04,7,27.6,3.5,15,21,72,1.8,0,0,44,16,32.375,20,6,13.70833333,강동구,Tuesday
2016-10-08,14,22.2,2.9,11.4,16.9,69,1,6.5,1,35,5,22.83333333,19,5,10.54166667,강동구,Saturday
2016-10-09,14,16.3,3.3,7.9,11.9,51,1.3,0,1,33,12,19.54166667,15,3,9.260869565,강동구,Sunday
2016-10-11,7,20.7,3.4,9.6,15.2,70,1.2,0,0,72,26,47.70833333,42,12,21.20833333,강동구,Tuesday
2016-10-12,14,20.4,3.2,12.1,15.4,69,1.2,0,0,103,29,62.875,58,16,30.83333333,강동구,Wednesday
2016-10-13,28,20.9,3.1,9.2,14.1,62,1.2,0,0,87,40,53.875,39,11,23.04166667,강동구,Thursday
2016-10-15,14,24.3,2.9,11.8,17.6,75,1,0,1,117,64,84.125,81,34,55.70833333,강동구,Saturday
2016-10-17,7,21.4,2.3,13.9,17,82,1,0,0,79,40,57.125,58,29,38.91666667,강동구,Monday
2016-10-21,21,21.2,3.5,15.3,17.6,66,1.5,0,0,44,13,25.70833333,25,5,13.41666667,강동구,Friday
2016-10-23,42,18.1,3.2,10.7,13.1,74,1.6,2.5,1,31,6,12.70833333,14,2,6.208333333,강동구,Sunday
2016-10-26,7,16.1,2.2,10.6,12.9,89,0.9,0,0,111,15,47.125,49,9,22.20833333,강동구,Wednesday
2016-10-27,7,20,3.6,9,14.4,78,1.5,0,0,95,34,53.58333333,46,11,25.33333333,강동구,Thursday
2016-10-28,14,18.5,2.7,11.7,14.8,69,1,0.5,0,67,26,45.56521739,27,5,19.08695652,강동구,Friday
2016-10-30,14,13.3,2.4,1.1,7.2,48,1,0,1,53,9,33.33333333,25,8,14.70833333,강동구,Sunday
2016-10-31,14,10.2,3.4,2.2,6.5,64,1.1,0,0,63,21,36.375,36,7,17.625,강동구,Monday
2016-11-01,14,8.7,3,-1.1,2.9,46,1.4,0,0,47,16,26.66666667,18,5,11.33333333,강동구,Tuesday
2016-11-02,7,10.6,2.8,-1.9,4.5,63,1.2,0,0,70,31,46.13043478,26,4,17.81818182,강동구,Wednesday
2016-11-03,14,14.3,2.9,4.5,9.2,70,1.1,0,0,75,25,47.33333333,36,14,24.7826087,강동구,Thursday
2016-11-04,14,16.6,4,7.7,12.8,70,1.9,0,0,89,45,68.33333333,45,22,34.58333333,강동구,Friday
2016-11-05,35,18.6,3.3,12.6,15,81,1.6,0,1,132,50,84.625,81,26,47.375,강동구,Saturday
2016-11-07,7,17.5,2.8,9.7,13.3,74,1.3,3.5,0,69,17,38.5,49,7,23.79166667,강동구,Monday
2016-11-09,7,9.3,3.3,-1.6,3.1,49,1.5,0,0,75,38,51.125,38,20,29.79166667,강동구,Wednesday
2016-11-10,7,10.8,3.4,1.4,6.2,69,1.5,0.5,0,73,23,47.625,37,17,26.40909091,강동구,Thursday
2016-11-11,7,14.3,2.6,6.5,9.8,67,1.2,5,0,98,10,58.08333333,43,8,27.41666667,강동구,Friday
2016-11-12,35,17,4,5.2,11.7,68,1.4,0,1,106,77,88.20833333,43,32,37.08333333,강동구,Saturday
2016-11-14,7,16,2.7,11.5,13.3,87,0.7,3,0,113,31,64.33333333,57,20,35.45833333,강동구,Monday
2016-11-15,28,12,3.3,3.8,7,49,1.3,0,0,124,43,70.91666667,70,11,25.375,강동구,Tuesday
2016-11-16,14,11.8,2.6,0.2,5.4,59,1.1,0,0,97,51,70.875,46,14,31.625,강동구,Wednesday
2016-11-17,7,15.2,2.4,3.3,8.5,66,0.9,0,0,153,55,92.5,73,20,43.83333333,강동구,Thursday
2016-11-22,7,10.1,3.2,-0.8,4.2,47,1.3,0.5,0,100,24,54.76470588,45,2,21.6875,강동구,Tuesday
2016-11-24,7,3.7,3,-4.9,-1,43,1.4,0,0,41,15,31.56521739,19,1,12,강동구,Thursday
2016-11-25,14,6.8,2.2,-3.6,1,56,1,0,0,87,36,52.625,49,12,24.66666667,강동구,Friday
2016-11-26,21,3.2,2.7,-1.2,0.7,77,1.1,1,1,99,45,65.375,50,24,37.91666667,강동구,Saturday
2016-11-27,14,5.6,2.7,1.1,3.2,89,1,0,1,116,45,70.75,72,29,44.5,강동구,Sunday
2016-11-28,7,7,3.3,-0.1,2.8,60,1.4,0,0,180,25,101.0416667,80,9,43.83333333,강동구,Monday
2016-11-29,14,7.5,2.7,-2.7,2,54,1.2,0,0,83,27,51.88235294,43,13,27.21052632,강동구,Tuesday
2016-11-30,7,10.7,2.4,0.3,6.5,68,1,1,0,68,36,53.45833333,39,14,28.08333333,강동구,Wednesday
2016-12-02,7,8.4,2.6,-3,2.2,56,1.1,0,0,75,24,46.47619048,44,12,22.72727273,강동구,Friday
2016-12-04,14,8.9,2.6,1.3,4.9,73,0.9,0,1,145,66,94.83333333,83,37,56.625,강동구,Sunday
2016-12-05,7,11.4,2.9,1.8,6.7,73,1.1,1.5,0,151,33,97.91666667,96,18,61.45833333,강동구,Monday
2016-12-06,35,3.5,2.6,-2.8,0,45,1.2,0,0,62,12,32.66666667,27,5,14.7,강동구,Tuesday
2016-12-07,28,6.9,2.8,-2.7,1.9,64,1.2,0,0,110,28,62.33333333,63,13,30.45454545,강동구,Wednesday
2016-12-08,49,6.8,2.8,-2.8,2.3,82,1.2,1.5,0,119,58,83.75,70,34,48.33333333,강동구,Thursday
2016-12-11,7,5.5,3.4,-5.5,-0.8,53,1.3,0,1,64,25,42.20833333,42,14,24.04166667,강동구,Sunday
2016-12-13,14,8.8,2.6,0.5,3.8,62,1.2,0,0,82,41,66.33333333,51,25,37.75,강동구,Tuesday
2016-12-14,7,1.9,2.6,-0.6,0.3,77,1.5,0,0,85,49,62.91666667,45,24,34.58333333,강동구,Wednesday
2016-12-15,7,-0.2,3.3,-5.7,-3,46,1.5,0,0,65,22,43.29166667,38,9,19.66666667,강동구,Thursday
2016-12-16,14,0.2,3.1,-8.8,-3.6,46,1.5,0,0,61,31,41.125,29,12,18.41666667,강동구,Friday
2016-12-17,21,7.2,2,-2,2.4,65,0.9,0,1,97,37,65,51,19,32.41666667,강동구,Saturday
2016-12-18,14,7.7,2.8,1.7,4.8,75,1,0,1,90,29,58.5,58,18,36.16666667,강동구,Sunday
2016-12-21,28,13,4.4,2.4,7.6,83,1.5,35.5,0,66,3,41.08333333,41,1,25.125,강동구,Wednesday
2016-12-23,28,3.2,2.7,-2.7,-1,71,1.3,0,0,93,45,58.20833333,72,29,39.25,강동구,Friday
2016-12-25,21,5.9,3.3,-4,1.1,79,1.3,0,1,73,39,54.875,58,25,39.16666667,강동구,Sunday
2016-12-26,35,4.8,2.7,1.2,2.9,82,1.1,0,0,65,13,43.91304348,49,10,29.5,강동구,Monday
2016-12-27,21,2.4,3.2,-4.9,-0.7,61,1.4,0,0,72,27,47.82608696,48,14,29.17391304,강동구,Tuesday
2016-12-28,28,1.9,3.4,-7.2,-2.7,55,1.3,0,0,86,27,53.04166667,43,11,26.33333333,강동구,Wednesday
2016-12-29,7,-0.4,2.9,-5.5,-3.1,56,1.3,0,0,67,21,41.66666667,26,7,17.625,강동구,Thursday
2016-01-01,7,5,1.9,-2.4,1.7,77,0.8,0,1,89,47,73.66666667,62,31,51.66666667,강북구,Friday
2016-01-02,7,10.1,2.8,2.5,6.6,80,0.9,0,1,77,55,64.66666667,44,34,41.33333333,강북구,Saturday
2016-01-08,7,1.8,4.1,-5.9,-2,54,1.9,0,0,50,16,32.16666667,32,11,19.66666667,강북구,Friday
2016-01-17,7,5.5,2.3,-1.1,1.9,74,0.9,0,1,92,69,83.125,63,46,54.41666667,강북구,Sunday
2016-01-18,7,1.6,8.3,-11.5,-5.3,61,4.5,0,0,81,17,46.625,54,8,28.125,강북구,Monday
2016-01-19,7,-8.3,8,-14.4,-11.7,50,4.5,0,0,40,21,27.16666667,23,9,13.875,강북구,Tuesday
2016-01-28,14,4,3.1,-4.8,0.3,58,1.2,0,0,77,29,55.08333333,46,17,32.58333333,강북구,Thursday
2016-01-30,7,5.8,4.7,-1.3,1.7,63,1.7,0,1,67,23,35.625,37,16,23.875,강북구,Saturday
2016-01-31,7,1,5.3,-4.5,-2.2,34,2.6,0,1,66,15,35,35,8,19.95833333,강북구,Sunday
2016-02-02,14,1.1,4.3,-8.4,-3.6,43,1.6,0,0,56,33,41.20833333,34,16,24.20833333,강북구,Tuesday
2016-02-09,7,6.2,8.2,-1.4,1.9,52,3.3,0,1,97,27,42,60,14,25.75,강북구,Tuesday
2016-02-11,7,14,1.6,0.8,7.6,43,0.6,0,0,77,32,50.95833333,51,24,35.08333333,강북구,Thursday
2016-02-18,7,8.5,6.7,-0.5,4.5,71,2.6,0,0,76,33,43.83333333,43,17,27,강북구,Thursday
2016-02-23,7,5.5,7.4,-3,1.5,58,2.9,0,0,111,15,47.41666667,64,9,29.16666667,강북구,Tuesday
2016-02-24,7,2.3,5.5,-5.3,-1.7,43,2.5,0,0,36,13,25.45833333,29,8,17.58333333,강북구,Wednesday
2016-03-05,7,14,4.5,10.6,12.2,94,1.3,48,1,39,1,19.79166667,28,1,15.08333333,강북구,Saturday
2016-03-06,35,12.9,5.4,6.3,9.2,54,2.5,0,1,123,14,72.875,26,12,20.04166667,강북구,Sunday
2016-03-07,7,12.7,3.3,5.6,9,43,1.3,0,0,109,81,95.125,32,20,25.75,강북구,Monday
2016-03-09,7,6.4,5.9,-1.3,1.5,39,3.3,0,0,61,29,37.54166667,18,8,12.41666667,강북구,Wednesday
2016-03-13,14,6.4,3.7,3.2,4.6,70,1.5,0,1,86,40,61,57,17,39,강북구,Sunday
2016-03-19,7,17.8,4.6,7.9,12.5,60,2,0,1,88,56,69.04166667,53,28,37.95833333,강북구,Saturday
2016-03-22,7,14.8,4.9,4.4,9.3,54,1.8,0,0,91,46,70.75,62,29,47.04166667,강북구,Tuesday
2016-03-24,7,12.6,5.5,3.3,7.7,40,2.5,0,0,64,19,32.41666667,32,13,18.95833333,강북구,Thursday
2016-03-29,14,17.6,7.1,8,12,63,2.9,0.5,0,117,77,98.04166667,75,42,57.625,강북구,Tuesday
2016-03-30,28,17.9,6.3,7.2,12.5,52,2.1,0,0,141,19,82.20833333,79,10,45.91666667,강북구,Wednesday
2016-04-01,21,23.9,4.7,8.4,16.2,32,1.5,0,0,90,42,62.25,49,19,31.66666667,강북구,Friday
2016-04-02,7,21.7,5.8,10.5,15.7,45,2.2,0,1,103,52,69.58333333,71,28,40.33333333,강북구,Saturday
2016-04-04,7,19.8,5.8,6.5,13.1,45,2.1,0,0,33,13,23.31818182,16,5,10.22727273,강북구,Monday
2016-04-07,7,21.3,5.7,10.8,15.1,71,2.3,8.5,0,68,23,44.54166667,49,11,28.25,강북구,Thursday
2016-04-09,63,15.2,4.1,8,11.5,87,1.6,0,1,177,83,113.3333333,94,47,62.41666667,강북구,Saturday
2016-04-10,63,21,5.8,10,14.5,72,2.2,0,1,160,81,136.4583333,95,40,76.45833333,강북구,Sunday
2016-04-11,7,19.2,4.6,6.8,12.9,47,1.9,0,0,53,26,37.83333333,25,6,17.75,강북구,Monday
2016-04-13,14,21.7,3.4,11.4,16.1,70,1.2,0.5,0,68,42,51.91666667,42,24,32.54166667,강북구,Wednesday
2016-04-15,7,23.4,5.5,9.7,15.9,48,1.8,0,0,56,31,44.625,31,14,23.58333333,강북구,Friday
2016-04-17,7,15.4,9.9,9.5,12,69,4.9,24,1,120,1,32.75,33,1,10.375,강북구,Sunday
2016-04-23,28,20.2,5,8.5,14.4,52,2,0,1,314,107,171.875,54,16,37.04166667,강북구,Saturday
2016-04-24,28,23.9,5.8,8.8,16.3,40,1.5,0,1,260,39,106.2916667,43,9,20.79166667,강북구,Sunday
2016-04-25,7,25.9,5.4,10.7,18.1,41,1.7,0,0,85,46,61.70833333,30,14,20.125,강북구,Monday
2016-04-26,21,29.6,5.3,12.9,20.8,43,2.1,0,0,90,50,66.70833333,41,20,26.75,강북구,Tuesday
2016-04-27,7,21.4,4,14.4,17.4,40,2.2,0,0,52,27,39.91666667,23,7,14.5,강북구,Wednesday
2016-04-28,7,23.4,4.6,12.6,17.8,39,2,0,0,63,32,45.66666667,26,10,17.375,강북구,Thursday
2016-04-30,7,21.9,7.3,12.5,17.2,51,3.1,0,1,108,49,67.875,56,23,36.79166667,강북구,Saturday
2016-05-07,14,22.8,5.7,11.5,17.3,63,2.3,0,1,316,26,108.9583333,43,3,19.625,강북구,Saturday
2016-05-09,7,26.1,5.6,16.9,21,46,2,0,0,61,31,45.625,20,9,16.04166667,강북구,Monday
2016-05-17,7,26.5,4.9,11.5,19.2,54,1.7,0,0,82,49,65.70833333,49,29,41.75,강북구,Tuesday
2016-05-18,7,30.3,4.7,14.1,22.7,43,1.6,0,0,74,17,39.20833333,50,10,25.83333333,강북구,Wednesday
2016-05-27,14,27.5,4.7,14.6,21.2,65,1.7,0,0,154,50,88.95833333,114,31,63.16666667,강북구,Friday
2016-05-30,14,29.4,6,17.6,22.9,54,2.1,0,0,127,45,65.66666667,90,22,40.95833333,강북구,Monday
2016-05-31,7,28.5,6.1,18.2,22.5,63,2.6,0,0,145,41,76.83333333,108,23,51.04166667,강북구,Tuesday
2016-06-03,7,28.2,5.1,18,23,47,2.2,0,0,45,25,34.04166667,32,13,21.83333333,강북구,Friday
2016-06-05,7,31.3,3.5,17.7,24.8,49,1.6,0,1,64,20,40.54166667,35,13,23.375,강북구,Sunday
2016-06-07,7,26.6,4.3,18.9,22,73,1.8,0,0,68,10,35.375,49,6,23.625,강북구,Tuesday
2016-06-10,7,31.2,4.9,20.7,25,62,1.9,0,0,78,28,52.45833333,53,19,34.79166667,강북구,Friday
2016-06-14,14,29.4,5.8,20.5,24,65,2,0,0,83,23,45.86363636,55,11,29.22727273,강북구,Tuesday
2016-06-15,7,23.9,5.6,17.3,21,83,2,14.5,0,48,16,31.91666667,33,10,20.91666667,강북구,Wednesday
2016-06-19,14,29.1,5.6,20.4,24.1,68,2.1,0,1,76,9,34.41666667,57,9,26.04166667,강북구,Sunday
2016-06-27,7,28.9,3.9,20.8,24.4,62,1.5,0,0,51,20,32.54166667,28,12,19.66666667,강북구,Monday
2016-06-29,14,30.6,4.4,21.3,25.6,60,2.1,0,0,62,12,31.04166667,41,9,21.20833333,강북구,Wednesday
2016-07-03,7,27.2,3.1,21.5,23.8,72,1.5,0,1,58,13,39.04166667,40,7,27.04166667,강북구,Sunday
2016-07-16,7,23.9,2.9,19.7,20.8,95,1.3,53,1,13,1,3.166666667,10,1,2.916666667,강북구,Saturday
2016-07-21,7,32.5,3.1,24.7,28,68,1.3,0,0,35,14,24.16666667,27,8,16.91666667,강북구,Thursday
2016-07-28,7,31.6,5.9,26.4,28.5,74,2.8,0,0,81,35,54.125,64,28,43.16666667,강북구,Thursday
2016-08-09,7,34.1,3.7,26.2,29.7,70,1.5,0,0,57,10,26.20833333,50,4,20.125,강북구,Tuesday
2016-08-19,7,33.6,4,26,28.9,76,1.3,5,0,62,42,52.04166667,48,28,39.20833333,강북구,Friday
2016-08-28,7,23.2,6.1,18.4,20.8,68,3.1,3.5,1,10,1,4.875,5,1,2,강북구,Sunday
2016-09-07,35,29,4,21.2,24.5,76,1.4,0,0,83,44,64.16666667,62,34,48.625,강북구,Wednesday
2016-09-14,7,29,4,20.8,24.4,69,1.4,0,1,36,8,22.66666667,28,2,16.125,강북구,Wednesday
2016-09-16,7,29.2,3.1,20.4,24.4,72,1.3,0,1,54,27,38.95833333,44,19,29.16666667,강북구,Friday
2016-09-21,7,24.3,3.3,14.1,19.8,51,1.3,0,0,35,22,28.25,25,15,20.83333333,강북구,Wednesday
2016-10-11,7,20.4,4.4,10,15.5,65,1.7,0,0,82,18,36.45833333,44,11,20.41666667,강북구,Tuesday
2016-10-12,7,20,3.8,12.1,15.4,61,1.8,0,0,81,26,49.08333333,49,14,29.45833333,강북구,Wednesday
2016-10-19,14,23.7,3.5,14.1,18.2,71,1.1,0,0,86,40,57.625,60,25,37.125,강북구,Wednesday
2016-10-20,7,25.3,2.9,12.8,18.4,67,1.2,0,0,82,10,58.125,54,9,37.25,강북구,Thursday
2016-10-21,7,20.9,3.2,16,18,62,1.3,0,0,29,6,15.5,14,3,7.75,강북구,Friday
2016-10-28,7,18.8,5.8,11.2,14.9,67,2.1,0.5,0,41,18,30.125,23,8,15,강북구,Friday
2016-10-31,7,9.4,5.5,2,6.3,63,1.8,0,0,33,15,24.66666667,21,9,15.125,강북구,Monday
2016-11-02,7,9.8,4.5,-1.1,4.5,58,1.4,0,0,39,22,31.875,23,10,16.58333333,강북구,Wednesday
2016-11-05,7,18.7,4.8,13,15.5,79,1.8,0,1,100,51,71.58333333,65,27,43.20833333,강북구,Saturday
2016-11-10,7,10.1,2.5,1.8,6.3,62,1,0,0,51,22,41.66666667,35,18,28.625,강북구,Thursday
2016-11-12,7,16.1,4.9,6.2,12,68,1.5,0,1,79,55,65.04166667,41,24,29.125,강북구,Saturday
2016-11-18,35,14.9,1.6,5.5,10.7,64,0.7,0,0,105,73,89.31818182,70,47,58.54545455,강북구,Friday
2016-11-24,7,2.5,4.1,-4.4,-1,39,1.9,0,0,31,13,20.83333333,18,5,10.5,강북구,Thursday
2016-11-25,21,6.5,4.4,-2.4,1.5,48,1.3,0,0,50,17,32.75,32,9,19.58333333,강북구,Friday
2016-11-28,14,6.3,5.1,0.7,2.9,53,2.3,0,0,136,16,71.625,69,11,37.33333333,강북구,Monday
2016-11-29,7,7.4,3.8,-1.5,2.4,47,1.2,0,0,62,15,37.29166667,41,13,23.95833333,강북구,Tuesday
2016-12-02,14,7.8,3.4,-1.8,2.5,52,1.3,0,0,47,19,31.29166667,25,9,16.83333333,강북구,Friday
2016-12-03,7,10.1,2,0.3,4.9,63,0.9,0,1,71,31,47.125,51,19,30.29166667,강북구,Saturday
2016-12-06,14,4.1,6.1,-3,0,40,2,0,0,31,9,20.625,20,5,11.875,강북구,Tuesday
2016-12-07,7,7.2,3.4,-1.4,2.4,60,1.2,0,0,84,18,45.54166667,53,11,28.54166667,강북구,Wednesday
2016-12-08,14,5.7,2.4,-1.9,2.4,75,0.9,3,0,82,39,59.25,61,24,39.375,강북구,Thursday
2016-12-10,14,3.9,4.7,-4.2,-0.7,52,1.9,0,1,55,19,32.25,29,12,21.04166667,강북구,Saturday
2016-12-12,21,6.4,3.1,-2.5,2.4,48,0.9,0,0,64,28,40.36363636,44,24,29.45454545,강북구,Monday
2016-12-14,35,1.5,3.4,-0.7,0.1,74,1.8,0,0,75.09800435,27.84173088,47.73372953,43.1500099,13.77181872,26.50271672,강북구,Wednesday
2016-12-15,7,-0.5,5.5,-5.8,-3.7,44,2.6,0,0,75.09800435,27.84173088,47.73372953,43.1500099,13.77181872,26.50271672,강북구,Thursday
2016-12-16,14,0.2,5.2,-7.8,-3.5,42,1.5,0,0,30,18,24.29166667,20,12,15.25,강북구,Friday
2016-12-17,14,7.6,1.4,-1.4,3,64,0.6,0,1,70,28,49.29166667,51,20,36.125,강북구,Saturday
2016-12-18,21,8,2,3.2,5.4,75,0.6,0,1,67,24,49.20833333,56,21,39.91666667,강북구,Sunday
2016-12-19,14,11,1.7,4.3,7.7,72,0.7,0,0,40,8,25.20833333,28,8,18.65217391,강북구,Monday
2016-12-20,28,13.3,2.2,4.2,7.9,76,0.8,0,0,69,23,38.45833333,55,18,29.45833333,강북구,Tuesday
2016-12-21,14,13,2.4,3.8,8.2,82,0.9,35.5,0,82,8,36.45833333,60,5,27,강북구,Wednesday
2016-12-23,7,3,6.5,-3.4,-1.4,72,2.6,0,0,62,37,44.41666667,52,27,35.41666667,강북구,Friday
2016-12-24,28,0.8,3.3,-3,-1.4,70,1.7,0,1,69,51,59,58,45,51,강북구,Saturday
2016-12-25,42,6.4,3.1,-3.6,1.7,76,1,0,1,61,25,42.66666667,53,22,37.70833333,강북구,Sunday
2016-12-26,14,5,4,1.8,3.3,76,1.3,0,0,62,25,42.125,48,20,34.20833333,강북구,Monday
2016-12-27,7,2.5,5.9,-4.6,-0.9,57,2.9,0,0,54,19,33.25,44,12,25.625,강북구,Tuesday
2016-12-29,7,-0.5,4.7,-5.5,-3.1,53,2.2,0,0,50,9,27.83333333,25,4,14.54166667,강북구,Thursday
2016-12-30,7,1.2,2.6,-7.6,-2.7,52,1.1,0,0,48,21,35.41666667,33,12,23.33333333,강북구,Friday
2016-12-31,14,5.4,1.6,-2,1.2,71,0.8,0,1,76,35,53.66666667,63,27,43.375,강북구,Saturday
2016-01-03,21,9.4,2.7,3.8,6.8,81,0.8,0,1,166,71,110.625,122,52,79.95833333,광진구,Sunday
2016-01-04,14,6.8,4,-0.6,3.3,52,2.3,0,0,189,14,84.81818182,136,12,60.72727273,광진구,Monday
2016-01-05,7,1.5,3.8,-2.6,-1.2,38,1.8,0,0,46,16,28.75,28,9,18.83333333,광진구,Tuesday
2016-01-06,7,2.6,3.5,-3.8,-0.5,57,1.5,0,0,76,39,58.79166667,47,25,37.25,광진구,Wednesday
2016-01-07,7,1.1,4,-3.5,-1.7,49,2.3,0,0,54,29,37.125,35,18,22.83333333,광진구,Thursday
2016-01-08,7,1.5,4.4,-6.4,-1.8,50,1.7,0,0,48,19,35.54166667,29,11,22.45833333,광진구,Friday
2016-01-10,21,4.5,4.5,-0.2,1.7,44,1.9,0,1,50,24,33.45833333,37,15,23.83333333,광진구,Sunday
2016-01-11,21,0.6,3.8,-4.3,-2.1,38,1.8,0,0,55,20,42.625,35,17,28.79166667,광진구,Monday
2016-01-12,7,0.3,3.6,-8,-3.7,46,1.8,0,0,89,31,55.04166667,56,18,34.45833333,광진구,Tuesday
2016-01-13,7,0.5,5.3,-7.5,-3.5,63,1.9,0,0,82,28,45.25,45,18,29.875,광진구,Wednesday
2016-01-14,14,1,3.4,-6.4,-2.5,50,1.2,0,0,62,37,46.625,37,22,28.45833333,광진구,Thursday
2016-01-16,7,3,3.1,-2.4,0.2,69,1.4,0,1,72,58,64.70833333,55,45,49.375,광진구,Saturday
2016-01-17,14,5.4,2.7,-0.8,1.9,68,1.2,0,1,72,55,64.16666667,58,46,52.16666667,광진구,Sunday
2016-01-19,35,-7.9,6.5,-16.5,-13,45,4,0,0,49,24,35.5,23,13,17.375,광진구,Tuesday
2016-01-20,21,-5.7,3.6,-16.2,-10.1,44,1.5,0,0,63,23,43.58333333,44,14,32.71428571,광진구,Wednesday
2016-01-23,21,-7.1,6.1,-17.2,-11,40,3.3,0,1,52,12,32.20833333,33,9,19.73913043,광진구,Saturday
2016-01-24,7,-10.6,4.7,-21.7,-15.6,47,2.8,0,1,56,20,42.04166667,36,15,26.79166667,광진구,Sunday
2016-01-27,7,3.5,3.6,-3.8,0.2,58,1.4,0,0,84,52,67.39130435,52,29,42.2173913,광진구,Wednesday
2016-01-28,7,3.7,2.6,-6.4,-0.1,54,0.9,0,0,85,18,60.82608696,53,27,41.31818182,광진구,Thursday
2016-01-31,14,0.7,4.1,-4.2,-2.3,34,2.5,0,1,65,27,41.625,40,19,27.08333333,광진구,Sunday
2016-02-01,14,-1,4.1,-7.3,-4.6,36,2.2,0,0,47,36,41.83333333,30,20,24.45833333,광진구,Monday
2016-02-03,7,3.4,3.7,-8.8,-2,54,1.3,0,0,94,48,64.58333333,61,34,41.875,광진구,Wednesday
2016-02-04,14,4.7,4.6,-3.3,0.6,50,1.9,0,0,96,48,66.79166667,74,27,44.83333333,광진구,Thursday
2016-02-05,14,3.3,4.1,-5.9,-0.8,41,1.9,0,0,65,30,45.09090909,37,18,26.5,광진구,Friday
2016-02-06,14,1.7,4,-4.1,-1.5,40,2.1,0,1,65,42,53.95833333,39,24,30.83333333,광진구,Saturday
2016-02-07,42,2.6,3.6,-7.7,-2,49,1.3,0,1,79,27,53.54166667,46,18,31.875,광진구,Sunday
2016-02-08,7,6.7,6.4,-3.4,2.2,62,2.2,0,1,180,36,76.5,121,26,49.58333333,광진구,Monday
2016-02-14,14,6.8,5.4,-5.3,-1.1,71,3.8,0,1,43,14,31.45833333,34,13,22.91304348,광진구,Sunday
2016-02-15,7,-1.2,5.7,-9.3,-4.9,48,3,0,0,51,16,33.75,26,9,14.91666667,광진구,Monday
2016-02-16,14,2.4,5.5,-5.1,-1.1,65,2.3,0,0,50,20,30.33333333,37,12,20.375,광진구,Tuesday
2016-02-17,7,5.2,4.6,-4.6,0.8,58,1.8,0,0,61,23,40.54166667,37,11,19.79166667,광진구,Wednesday
2016-02-18,21,8.3,5.4,-0.1,4.4,69,2,0,0,73,36,45.45833333,47,20,26.375,광진구,Thursday
2016-02-19,7,5.7,3.8,1.9,3.9,59,1.1,0,0,109,47,92.22727273,68,31,55.27272727,광진구,Friday
2016-02-21,7,4.3,4.8,-1.4,1,37,2.6,0,1,35,15,27.91666667,22,8,14.33333333,광진구,Sunday
2016-02-22,28,4.8,2.9,-0.8,2.1,41,1.1,0,0,73,26,45.58333333,38,10,21.875,광진구,Monday
2016-02-23,7,5.4,5.9,-2.4,1.6,57,2.5,0,0,122,22,55.875,70,16,33.83333333,광진구,Tuesday
2016-02-24,7,1.9,4.5,-5.1,-1.6,43,2.2,0,0,59,26,36.70833333,40,12,22.375,광진구,Wednesday
2016-02-25,7,5.5,5.8,-4.8,1.1,52,2.3,0,0,98,24,54.29166667,67,12,33.16666667,광진구,Thursday
2016-02-26,14,7.1,3.9,-1.3,3.3,40,1.8,0,0,98,26,51.08333333,69,16,33.54166667,광진구,Friday
2016-02-29,35,0,5.5,-3.7,-2.2,47,3.2,0,0,78,35,57.45833333,58,18,33.875,광진구,Monday
2016-03-03,7,12.9,3,4.9,8.2,66,1.3,0,0,94,28,55.66666667,62,17,35.45833333,광진구,Thursday
2016-03-04,21,18.7,2.7,5.3,12.6,62,1.3,0,0,92,39,67.58333333,63,23,43.95833333,광진구,Friday
2016-03-06,84,13.2,4,6.3,9,53,1.9,0,1,149,31,84.16666667,35,16,24.08333333,광진구,Sunday
2016-03-07,21,12.1,3.3,5.1,8.9,42,1,0,0,118,87,102.9166667,41,24,28.95833333,광진구,Monday
2016-03-08,7,8.7,4.6,0.4,4.4,37,2.4,0,0,142,28,62,38,10,20.54166667,광진구,Tuesday
2016-03-09,7,6.9,5.6,-1,1.6,38,2.6,0,0,69,35,45.25,27,15,18.125,광진구,Wednesday
2016-03-11,28,4.7,5.3,-3.2,0.8,41,2.4,0,0,44,19,37.08695652,25,15,21.2173913,광진구,Friday
2016-03-12,7,6.9,4.1,-2,3.1,57,1.8,0,1,66,37,47.75,38,21,25.375,광진구,Saturday
2016-03-13,28,6.5,2.6,2.9,4.9,64,1,0,1,88,46,67,67,24,44.33333333,광진구,Sunday
2016-03-14,7,9.6,3.9,3,5.9,56,1.7,0,0,90,45,72.625,78,27,55.70833333,광진구,Monday
2016-03-15,14,12.1,4,0.2,6.3,45,1.7,0,0,102,41,65.45833333,59,25,37.91666667,광진구,Tuesday
2016-03-16,7,13.6,4.7,3.6,8.4,44,1.5,0,0,103,55,73.70833333,67,35,45.33333333,광진구,Wednesday
2016-03-17,14,14.6,2.4,2.1,9.3,45,0.8,0,0,122,63,87,81,42,55.58333333,광진구,Thursday
2016-03-18,21,18.7,3.7,8.4,13.1,53,1.3,0,0,104,41,74.375,68,27,49,광진구,Friday
2016-03-19,14,17.2,4.4,8,12.2,58,1.8,0,1,102,64,79.33333333,68,31,48.875,광진구,Saturday
2016-03-20,7,15.9,3.7,5.4,10.7,56,1.5,0,1,103,76,84.58333333,69,42,52.95833333,광진구,Sunday
2016-03-21,21,16.1,4.4,5.9,10.7,55,1.7,0,0,100,83,90.70833333,71,52,59.875,광진구,Monday
2016-03-22,21,13.8,4,4.3,9,54,2.1,0,0,90,57,73.83333333,68,39,51.5,광진구,Tuesday
2016-03-23,7,13.3,4.8,5.8,9.1,51,2.2,0,0,129,30,85.73913043,105,20,59.7826087,광진구,Wednesday
2016-03-24,28,12.2,4.4,2.7,7.6,39,1.9,0,0,65,24,38.16666667,36,18,24.66666667,광진구,Thursday
2016-03-27,42,13.2,5.1,2.7,7.7,51,2.1,0,1,89,58,69.25,66,38,49.08333333,광진구,Sunday
2016-03-30,28,17.9,4.8,8.2,12.4,51,1.9,0,0,151,33,100.7916667,98,18,60.79166667,광진구,Wednesday
2016-03-31,14,20.7,3.6,6.3,13.7,34,1.4,0,0,68,39,53.5,43,17,27.41666667,광진구,Thursday
2016-04-01,7,23.1,3.8,7.6,15.7,32,1.3,0,0,120,58,75.29166667,69,29,40.20833333,광진구,Friday
2016-04-03,7,13.9,5.2,9.2,11.4,77,1.3,3,1,120,20,61.70833333,92,12,45.16666667,광진구,Sunday
2016-04-04,7,19.2,4.1,5.8,12.9,46,1.7,0,0,41,16,25.08333333,17,3,12,광진구,Monday
2016-04-09,56,15,3.1,8.4,11.9,82,1.3,0,1,189,95,125.5,113,60,77.5,광진구,Saturday
2016-04-10,105,20.9,5.1,10.1,14.3,72,1.7,0,1,164,71,142.8333333,110,35,88.20833333,광진구,Sunday
2016-04-11,14,18.7,4.6,7.1,12.8,47,1.9,0,0,68,15,39.25,37,4,18.41666667,광진구,Monday
2016-04-12,21,19.3,3.7,9.9,14.6,47,1.6,0,0,81,36,50.79166667,44,19,28.16666667,광진구,Tuesday
2016-04-13,7,21.1,3.4,10.7,15.6,70,1.3,1,0,74,43,59.20833333,52,26,37.83333333,광진구,Wednesday
2016-04-15,7,22.9,4.9,9.4,15.7,47,1.8,0,0,66,31,50.75,43,14,28.20833333,광진구,Friday
2016-04-16,21,21.5,3.7,10.3,15.3,64,1.5,25.5,1,63,10,48.54166667,35,3,25.91666667,광진구,Saturday
2016-04-18,7,19.1,6.1,8.7,12.2,64,2.4,5,0,99,36,60.25,53,13,23.45833333,광진구,Monday
2016-04-19,14,18.7,4.1,8.3,13,58,1.8,0,0,68,24,43.41666667,33,13,21.95833333,광진구,Tuesday
2016-04-20,7,20,3.4,10.7,14.6,58,1.2,0,0,80,45,62.91666667,48,24,35.33333333,광진구,Wednesday
2016-04-21,21,18,3.1,10.7,14,88,1.7,20.5,0,50,14,25.25,26,8,14.625,광진구,Thursday
2016-04-22,14,22,5.8,12,15,79,2.3,0,0,141,21,76.68181818,85,13,50.18181818,광진구,Friday
2016-04-23,148,20,4.6,9.3,14.5,50,1.8,0,1,341,91,178.125,88,15,49.29166667,광진구,Saturday
2016-04-24,176,22.6,4.2,8.8,15.6,42,1.3,0,1,284,40,124.3333333,45,8,24.70833333,광진구,Sunday
2016-04-25,14,25.1,3.9,10.2,17.5,40,1.5,0,0,103,54,69.875,34,14,23.91666667,광진구,Monday
2016-04-26,21,29.3,4.4,11.8,20.6,41,1.5,0,0,86,59,68.70833333,36,21,28.08333333,광진구,Tuesday
2016-04-27,21,19.7,4.7,15.1,16.9,36,2.8,0,0,60,32,44.5,25,4,13.125,광진구,Wednesday
2016-04-28,7,22.5,3.8,13.1,17.4,36,1.8,0,0,70,34,51.375,32,8,18.375,광진구,Thursday
2016-04-29,7,22.5,4.3,12.2,16.8,49,1.9,0,0,88,32,55.66666667,49,17,26.29166667,광진구,Friday
2016-04-30,35,22.2,5.5,11.4,16.9,50,2.2,0,1,113,52,74.83333333,67,26,42.45833333,광진구,Saturday
2016-05-01,28,26.3,4.6,13.1,19.2,43,1.5,0,1,62,24,42.04166667,35,6,20.79166667,광진구,Sunday
2016-05-02,14,28.2,4.1,16,20.4,69,1.3,22.5,0,63,35,43.29166667,31,17,22.75,광진구,Monday
2016-05-03,7,17.9,6.6,9.6,13.7,88,3.3,33,0,30,7,19.04166667,18,2,7.875,광진구,Tuesday
2016-05-04,28,20.5,8.2,11.1,16.5,46,4.5,0,0,75,24,44.75,13,4,8.375,광진구,Wednesday
2016-05-05,7,26,3.6,10.3,18.5,53,1.3,2.5,1,75,31,51.29166667,28,11,19.58333333,광진구,Thursday
2016-05-06,14,19.2,4.6,13.9,16.5,91,1.4,7,0,222,15,54.70833333,36,5,21.54166667,광진구,Friday
2016-05-07,56,22.4,4.8,11.4,16.9,61,2.1,0,1,227,32,107.125,39,6,20.95833333,광진구,Saturday
2016-05-08,21,26,4.1,11.6,19.2,49,1.4,0,1,62,36,47.04166667,19,8,13.79166667,광진구,Sunday
2016-05-09,21,26.3,3.7,15.9,20.3,46,1.6,0,0,66,44,53.875,24,14,19.41666667,광진구,Monday
2016-05-10,7,19.2,3.3,13,14.8,80,1.7,13.5,0,68,9,28.29166667,30,2,11.83333333,광진구,Tuesday
2016-05-11,28,23.2,4.1,11.6,17.2,60,1.8,0,0,46,14,27.25,21,2,10.41666667,광진구,Wednesday
2016-05-12,7,24.5,4.4,12.6,18.2,62,1.9,0,0,51,17,28.58333333,24,6,12.08333333,광진구,Thursday
2016-05-14,7,26.6,4.2,15.2,20.6,50,1.6,0,1,47,18,31.33333333,30,2,17.29166667,광진구,Saturday
2016-05-15,35,24.9,5.3,13.2,17.8,76,1.8,38.5,1,56,4,35.29166667,37,1,24.09090909,광진구,Sunday
2016-05-16,7,22.3,5.3,10.7,16.5,55,2.5,3.5,0,64,5,33.20833333,38,3,16.79166667,광진구,Monday
2016-05-17,7,26.7,3.6,11.3,19.3,52,1.5,0,0,88,53,69.625,55,26,42,광진구,Tuesday
2016-05-21,21,29.6,3.3,17.7,23.4,30,1.3,0,1,55,28,36.08333333,35,15,25.16666667,광진구,Saturday
2016-05-22,7,30.6,2.7,17.1,23.9,42,1.2,0,1,77,34,48.83333333,61,25,37.08333333,광진구,Sunday
2016-05-23,7,28.8,3.6,18,23.1,47,1.5,0,0,107,47,63.29166667,77,30,45.79166667,광진구,Monday
2016-05-25,7,24.2,3.9,15.8,19.8,70,1.7,0,0,117,50,90.45833333,85,34,62.79166667,광진구,Wednesday
2016-05-27,49,27,3.4,15.2,21.1,64,1.6,0,0,147,67,103.0454545,99,42,70.68181818,광진구,Friday
2016-05-28,21,27.9,4.4,17,22.2,56,1.8,0,1,105,56,77.5,74,28,45.45833333,광진구,Saturday
2016-05-29,21,27.7,4.4,18,22.2,57,1.7,0,1,97,54,75.66666667,64,30,44,광진구,Sunday
2016-05-30,7,28.9,4.5,16.8,22.6,58,2,0,0,142,61,96.66666667,106,33,65.66666667,광진구,Monday
2016-05-31,28,28,5,18,22.1,64,2.1,0,0,145,50,86.41666667,107,24,56.58333333,광진구,Tuesday
2016-06-02,7,29.2,4.4,16.9,23.3,44,1.8,0,0,55,14,29.70833333,31,1,12.70833333,광진구,Thursday
2016-06-04,7,25.8,3.4,18.3,21.3,57,1.2,0,1,61,42,50.45833333,35,21,27.79166667,광진구,Saturday
2016-06-07,14,26.1,4.5,20,22.3,68,1.5,0,0,80,12,41.70833333,48,7,24.04166667,광진구,Tuesday
2016-06-09,7,30,4.1,18.2,24.2,62,1.6,0,0,59,33,45.5,37,17,25.79166667,광진구,Thursday
2016-06-11,7,27.3,3.1,21.3,23.6,76,1.4,17,1,81,38,55.75,48,22,33.20833333,광진구,Saturday
2016-06-15,7,25,4.3,17.1,20.9,85,1.5,30,0,58,26,40.75,34,11,21.875,광진구,Wednesday
2016-06-16,7,24.4,4.4,18.8,21.1,75,2.1,0,0,62,11,32.16666667,34,1,16.125,광진구,Thursday
2016-06-17,7,28.7,3.5,17.7,23.5,67,1.5,0,0,75,38,58.54166667,50,22,36.41666667,광진구,Friday
2016-06-18,7,30,4.2,19.9,24.4,62,1.5,0,1,93,43,66.25,61,26,43.54166667,광진구,Saturday
2016-06-20,14,29.6,2.7,19.9,24.7,67,1.3,0,0,72,33,54.83333333,49,22,33.625,광진구,Monday
2016-06-21,35,31.7,3.9,20.8,25.6,66,1.2,0,0,132,38,65.66666667,83,22,43.33333333,광진구,Tuesday
2016-06-22,14,29.9,4.9,20.8,24.1,78,1.5,7,0,135,12,80.25,87,4,49.625,광진구,Wednesday
2016-06-26,7,31,5.5,19.5,24.6,62,2,0,1,52,17,34.95833333,32,7,19.375,광진구,Sunday
2016-06-28,14,30.5,3.8,20.3,25.4,59,1.5,0,0,115,39,70.125,84,23,47.125,광진구,Tuesday
2016-06-30,7,27.7,3.5,21.7,24.5,83,1.6,4.5,0,63,23,38.08333333,44,13,26.54166667,광진구,Thursday
2016-07-02,7,27.3,2.9,20.4,23.8,82,1.6,3,1,22,6,14.625,17,4,10.0952381,광진구,Saturday
2016-07-03,14,26.3,2.9,21.5,23.3,75,1.3,0,1,48,16,32.95833333,41,11,25.5,광진구,Sunday
2016-07-07,7,28.1,2.4,20.2,23.7,78,0.9,1.5,0,75,14,38.75,55,7,26.70833333,광진구,Thursday
2016-07-10,7,33.4,3.2,22.8,27.7,68,1.4,0,1,43,22,31.25,34,14,20.83333333,광진구,Sunday
2016-07-18,7,28,2.6,19.8,23.7,78,1,0,0,36,20,26.58333333,22,12,16,광진구,Monday
2016-07-24,7,30.5,2.4,25.6,28.2,80,1.2,0,1,53,22,38.73333333,33,15,26.60869565,광진구,Sunday
2016-07-25,7,31.7,3.7,26.2,28.4,78,1.4,0,0,60,26,45.8,41,21,30.79166667,광진구,Monday
2016-07-26,7,32.5,4,24.6,28.1,74,1.5,0,0,42,27,35.75,30,13,22.23809524,광진구,Tuesday
2016-07-30,7,32.7,3.1,26,28.8,76,1.4,0.5,1,69,29,41.61111111,45,20,30.91304348,광진구,Saturday
2016-07-31,35,33.2,4,25.5,28.6,76,1.5,0,1,57,20,38.70833333,37,13,25.83333333,광진구,Sunday
2016-08-02,7,30.5,4.4,24.4,26.8,77,1.2,0,0,41,13,30.33333333,25,9,16.58333333,광진구,Tuesday
2016-08-09,7,33.1,4.2,25.5,27.8,78,1.7,6,0,127,13,37.91666667,72,1,21.22727273,광진구,Tuesday
2016-08-12,7,35.4,4.2,25.7,30.2,71,1.8,0,0,57,32,43.79166667,38,19,26.25,광진구,Friday
2016-08-15,7,34.2,3.7,25.7,29.4,70,1.6,0,1,45,34,39.95833333,29,18,23.75,광진구,Monday
2016-08-16,7,35.1,4.8,25.6,29.5,65,1.5,0,0,66,37,43.54166667,46,20,28.625,광진구,Tuesday
2016-08-17,14,33.6,2.5,24.4,29.1,67,1.2,0.5,0,49,27,37.33333333,33,14,24.29166667,광진구,Wednesday
2016-08-21,14,35.3,3,26.1,29.8,64,1.5,0,1,41,17,23.41666667,23,6,13.58333333,광진구,Sunday
2016-08-24,7,32.7,2.5,26.2,28.7,66,1.3,0,0,88,23,45.875,50,9,24.16666667,광진구,Wednesday
2016-08-27,7,27.2,4.2,17.2,22.7,51,2.1,0,1,17,7,11.79166667,4,1,2.375,광진구,Saturday
2016-08-28,7,23.4,4.4,17.5,20.3,69,2,4.5,1,12,3,8.333333333,4,1,1.916666667,광진구,Sunday
2016-09-02,7,28.1,3.8,19,23.1,76,1.8,8.5,0,71,12,31.5,48,7,22.45833333,광진구,Friday
2016-09-03,7,28.1,2.5,20,23.7,79,1.3,1.5,1,32,13,19.5,19,2,9.625,광진구,Saturday
2016-09-07,42,28.4,2.7,20.2,24,82,1.3,29.5,0,91,48,73.75,68,33,55.625,광진구,Wednesday
2016-09-08,7,26.4,3,20.2,22.8,84,1.2,0.5,0,56,34,46.375,39,20,30.875,광진구,Thursday
2016-09-10,14,28,2.6,19.6,23.4,77,1.4,0,1,52,18,35.20833333,42,4,24.04166667,광진구,Saturday
2016-09-11,21,27.5,2.2,21.3,24.1,76,1.1,0,1,52,24,35.08333333,41,17,26.33333333,광진구,Sunday
2016-09-13,35,30.1,2.9,19.7,24.4,69,1.4,0.5,0,30,5,13.375,20,1,6.818181818,광진구,Tuesday
2016-09-15,7,29.2,2.4,18.3,23.5,76,1.1,0,1,44,30,38.54166667,34,19,27.20833333,광진구,Thursday
