measurementdate,sales_rate,temperature_max,windspeed_max,temperature_min,temperature_avg,humidity,windspeed_avg,precipitation,city_name_강남구,city_name_강동구,city_name_강북구,city_name_광진구,city_name_구로구,city_name_노원구,city_name_도봉구,city_name_동대문구,city_name_동작구,city_name_마포구,city_name_성동구,city_name_성북구,city_name_종로구,city_name_중랑구,public_holiday,day_of_week_Friday,day_of_week_Monday,day_of_week_Saturday,day_of_week_Sunday,day_of_week_Thursday,day_of_week_Tuesday,day_of_week_Wednesday
2023-12-25,1,2.1,1.4,-2.7,-0.7,81.0,1.4,0.7,1,0,0,0,0,0,0,0,0,0,0,0,0,0,0,0,1,0,0,0,0,0
2023-12-26,1,7.2,1.8,-2.6,1.9,73.0,1.8,0.0,1,0,0,0,0,0,0,0,0,0,0,0,0,0,0,0,0,0,0,0,1,0
2023-12-27,1,6.8,1.4,-2.8,1.5,77.0,1.4,0.0,1,0,0,0,0,0,0,0,0,0,0,0,0,0,0,0,0,0,0,0,0,1
2023-12-28,1,4.4,1.5,-1.7,1.2,70.0,1.5,0.0,1,0,0,0,0,0,0,0,0,0,0,0,0,0,0,0,0,0,0,1,0,0
2023-12-29,1,4.6,1.8,-1.5,1.3,71.0,1.8,0.0,1,0,0,0,0,0,0,0,0,0,0,0,0,0,0,1,0,0,0,0,0,0
2023-12-30,1,2.1,2.7,-0.9,0.6,92.0,2.7,13.1,1,0,0,0,0,0,0,0,0,0,0,0,0,0,1,0,0,1,0,0,0,0
2023-12-31,1,4.3,2.0,0.6,2.1,96.0,2.0,4.7,1,0,0,0,0,0,0,0,0,0,0,0,0,0,1,0,0,0,1,0,0,0
2024-01-01,1,5.0,2.4,-2.1,2.1,73.0,1.2,0.0,1,0,0,0,0,0,0,0,0,0,0,0,0,0,0,0,1,0,0,0,0,0
2024-01-02,1,10.2,2.4,3.7,7.1,73.0,1.1,0.0,1,0,0,0,0,0,0,0,0,0,0,0,0,0,0,0,0,0,0,0,1,0
2024-01-03,1,9.9,2.7,6.2,7.7,80.0,0.9,0.0,1,0,0,0,0,0,0,0,0,0,0,0,0,0,0,0,0,0,0,0,0,1
2024-01-04,1,6.7,3.7,-0.7,3.4,51.0,2.4,0.0,1,0,0,0,0,0,0,0,0,0,0,0,0,0,0,0,0,0,0,1,0,0
2024-01-05,1,1.8,3.3,-2.6,-1.0,36.0,1.7,0.0,1,0,0,0,0,0,0,0,0,0,0,0,0,0,0,1,0,0,0,0,0,0
2024-01-06,1,2.4,3.1,-2.4,-0.2,51.0,1.6,0.0,1,0,0,0,0,0,0,0,0,0,0,0,0,0,1,0,0,1,0,0,0,0
2024-01-07,1,1.5,3.6,-3.5,-1.7,46.0,2.0,0.0,1,0,0,0,0,0,0,0,0,0,0,0,0,0,1,0,0,0,1,0,0,0
2024-01-08,1,2.0,3.9,-4.7,-1.3,47.0,1.7,0.0,1,0,0,0,0,0,0,0,0,0,0,0,0,0,0,0,1,0,0,0,0,0
2024-01-09,1,2.6,3.6,-3.2,-0.3,53.0,1.8,0.0,1,0,0,0,0,0,0,0,0,0,0,0,0,0,0,0,0,0,0,0,1,0
2024-01-10,1,4.8,3.7,-0.5,1.8,40.0,1.7,0.0,1,0,0,0,0,0,0,0,0,0,0,0,0,0,0,0,0,0,0,0,0,1
2024-01-11,1,1.0,3.6,-4.3,-2.2,37.0,2.0,0.0,1,0,0,0,0,0,0,0,0,0,0,0,0,0,0,0,0,0,0,1,0,0
2024-01-12,1,0.6,3.2,-5.9,-3.3,44.0,1.9,0.0,1,0,0,0,0,0,0,0,0,0,0,0,0,0,0,1,0,0,0,0,0,0
2024-01-13,1,0.3,3.8,-5.8,-3.0,59.0,1.8,0.0,1,0,0,0,0,0,0,0,0,0,0,0,0,0,1,0,0,1,0,0,0,0
2024-01-14,1,1.2,3.3,-5.6,-2.2,45.0,1.5,0.0,1,0,0,0,0,0,0,0,0,0,0,0,0,0,1,0,0,0,1,0,0,0
2024-01-15,1,4.2,2.8,-1.7,0.8,53.0,1.4,0.0,1,0,0,0,0,0,0,0,0,0,0,0,0,0,0,0,1,0,0,0,0,0
2024-01-16,1,3.1,2.9,-1.7,0.3,66.0,1.7,0.0,1,0,0,0,0,0,0,0,0,0,0,0,0,0,0,0,0,0,0,0,1,0
2024-01-17,1,5.5,2.6,-0.5,2.5,65.0,1.4,0.0,1,0,0,0,0,0,0,0,0,0,0,0,0,0,0,0,0,0,0,0,0,1
2024-01-18,1,2.6,5.6,-10.9,-5.1,57.0,3.2,0.0,1,0,0,0,0,0,0,0,0,0,0,0,0,0,0,0,0,0,0,1,0,0
2024-01-19,1,-7.8,5.9,-13.6,-11.4,45.0,3.2,0.0,1,0,0,0,0,0,0,0,0,0,0,0,0,0,0,1,0,0,0,0,0,0
2024-01-20,1,-4.8,2.9,-12.5,-8.9,41.0,1.5,0.0,1,0,0,0,0,0,0,0,0,0,0,0,0,0,1,0,0,1,0,0,0,0
2024-01-21,1,-2.5,3.0,-8.7,-5.8,44.0,1.7,0.0,1,0,0,0,0,0,0,0,0,0,0,0,0,0,1,0,0,0,1,0,0,0
2024-01-22,1,-2.8,3.6,-8.1,-5.9,39.0,2.0,0.0,1,0,0,0,0,0,0,0,0,0,0,0,0,0,0,0,1,0,0,0,0,0
2024-01-23,1,-6.8,4.7,-14.3,-10.1,39.0,2.6,0.0,1,0,0,0,0,0,0,0,0,0,0,0,0,0,0,0,0,0,0,0,1,0
2024-01-24,1,-10.1,4.0,-16.5,-13.1,46.0,2.4,0.0,1,0,0,0,0,0,0,0,0,0,0,0,0,0,0,0,0,0,0,0,0,1
2024-01-25,1,-3.9,3.1,-12.4,-7.7,46.0,1.7,0.0,1,0,0,0,0,0,0,0,0,0,0,0,0,0,0,0,0,0,0,1,0,0
2024-01-26,1,1.9,2.7,-7.3,-2.6,67.0,1.4,0.0,1,0,0,0,0,0,0,0,0,0,0,0,0,0,0,1,0,0,0,0,0,0
2024-01-27,1,4.0,3.1,-1.8,0.7,53.0,1.5,0.0,1,0,0,0,0,0,0,0,0,0,0,0,0,0,1,0,0,1,0,0,0,0
2024-01-28,1,3.7,2.9,-4.4,0.4,52.0,1.1,0.0,1,0,0,0,0,0,0,0,0,0,0,0,0,0,1,0,0,0,1,0,0,0
2024-01-29,1,6.0,3.4,0.4,3.1,46.0,1.7,0.0,1,0,0,0,0,0,0,0,0,0,0,0,0,0,0,0,1,0,0,0,0,0
2024-01-30,1,5.2,3.1,-0.4,2.0,56.0,1.5,0.0,1,0,0,0,0,0,0,0,0,0,0,0,0,0,0,0,0,0,0,0,1,0
2024-01-31,1,0.7,3.8,-4.5,-2.5,34.0,2.4,0.0,1,0,0,0,0,0,0,0,0,0,0,0,0,0,0,0,0,0,0,0,0,1
2024-02-01,1,-1.0,3.2,-6.9,-4.6,35.0,2.2,0.0,1,0,0,0,0,0,0,0,0,0,0,0,0,0,0,0,0,0,0,1,0,0
2024-02-02,1,0.2,3.3,-7.9,-3.4,38.0,1.8,0.0,1,0,0,0,0,0,0,0,0,0,0,0,0,0,0,1,0,0,0,0,0,0
2024-02-03,1,4.0,3.1,-7.1,-1.4,51.0,1.6,0.0,1,0,0,0,0,0,0,0,0,0,0,0,0,0,1,0,0,1,0,0,0,0
2024-02-04,1,4.6,4.2,-1.3,1.2,47.0,2.0,0.0,1,0,0,0,0,0,0,0,0,0,0,0,0,0,1,0,0,0,1,0,0,0
2024-02-05,1,3.5,3.8,-3.9,-0.6,40.0,1.9,0.0,1,0,0,0,0,0,0,0,0,0,0,0,0,0,0,0,1,0,0,0,0,0
2024-02-06,1,1.5,3.6,-4.0,-1.6,37.0,2.2,0.0,1,0,0,0,0,0,0,0,0,0,0,0,0,0,0,0,0,0,0,0,1,0
2024-02-07,1,2.8,3.1,-6.5,-1.4,45.0,1.6,0.0,1,0,0,0,0,0,0,0,0,0,0,0,0,0,0,0,0,0,0,0,0,1
2024-02-08,1,6.9,5.4,-2.1,2.6,60.0,2.3,0.0,1,0,0,0,0,0,0,0,0,0,0,0,0,0,0,0,0,0,0,1,0,0
2024-02-09,1,5.6,4.0,-0.7,2.3,46.0,2.3,0.0,1,0,0,0,0,0,0,0,0,0,0,0,0,0,0,1,0,0,0,0,0,0
2024-02-10,1,9.5,2.4,-2.6,3.3,44.0,1.3,0.0,1,0,0,0,0,0,0,0,0,0,0,0,0,0,1,0,0,1,0,0,0,0
2024-02-11,1,14.2,2.9,1.4,8.2,34.0,1.5,0.5,1,0,0,0,0,0,0,0,0,0,0,0,0,0,1,0,0,0,1,0,0,0
2024-02-12,1,10.4,2.6,7.5,8.9,96.0,1.2,17.0,1,0,0,0,0,0,0,0,0,0,0,0,0,0,0,0,1,0,0,0,0,0
2024-02-13,1,15.3,4.7,6.5,11.4,96.0,1.7,18.5,1,0,0,0,0,0,0,0,0,0,0,0,0,0,0,0,0,0,0,0,1,0
2024-02-14,1,6.5,4.8,-5.2,-1.3,69.0,3.5,1.0,1,0,0,0,0,0,0,0,0,0,0,0,0,0,0,0,0,0,0,0,0,1
2024-02-15,1,-1.5,4.4,-8.2,-4.6,46.0,2.6,0.0,1,0,0,0,0,0,0,0,0,0,0,0,0,0,0,0,0,0,0,1,0,0
2024-02-16,1,1.9,4.5,-4.4,-1.0,61.0,2.3,0.0,1,0,0,0,0,0,0,0,0,0,0,0,0,0,0,1,0,0,0,0,0,0
2024-02-17,1,6.1,3.9,-2.5,1.6,52.0,1.9,0.0,1,0,0,0,0,0,0,0,0,0,0,0,0,0,1,0,0,1,0,0,0,0
2024-02-18,1,8.6,4.9,0.4,4.7,65.0,2.3,0.0,1,0,0,0,0,0,0,0,0,0,0,0,0,0,1,0,0,0,1,0,0,0
2024-02-19,1,5.7,3.2,2.6,4.2,53.0,1.3,0.0,1,0,0,0,0,0,0,0,0,0,0,0,0,0,0,0,1,0,0,0,0,0
2024-02-20,1,7.4,4.8,-0.5,2.9,37.0,2.0,0.0,1,0,0,0,0,0,0,0,0,0,0,0,0,0,0,0,0,0,0,0,1,0
2024-02-21,1,4.0,4.0,-1.2,0.9,34.0,2.1,0.0,1,0,0,0,0,0,0,0,0,0,0,0,0,0,0,0,0,0,0,0,0,1
2024-02-22,1,4.6,2.8,-0.7,2.2,38.0,1.4,0.0,1,0,0,0,0,0,0,0,0,0,0,0,0,0,0,0,0,0,0,1,0,0
2024-02-23,1,5.2,5.1,-2.7,1.5,55.0,2.2,0.0,1,0,0,0,0,0,0,0,0,0,0,0,0,0,0,1,0,0,0,0,0,0
2024-02-24,1,1.9,3.7,-4.2,-1.6,39.0,2.1,0.0,1,0,0,0,0,0,0,0,0,0,0,0,0,0,1,0,0,1,0,0,0,0
2024-02-25,1,5.8,5.4,-3.0,1.6,50.0,2.3,0.0,1,0,0,0,0,0,0,0,0,0,0,0,0,0,1,0,0,0,1,0,0,0
2024-02-26,1,7.2,3.6,-0.3,3.3,38.0,1.8,0.0,1,0,0,0,0,0,0,0,0,0,0,0,0,0,0,0,1,0,0,0,0,0
2024-02-27,1,8.4,3.4,1.4,4.3,61.0,1.5,1.0,1,0,0,0,0,0,0,0,0,0,0,0,0,0,0,0,0,0,0,0,1,0
2024-02-28,1,6.7,3.7,-0.6,1.8,67.0,1.4,3.5,1,0,0,0,0,0,0,0,0,0,0,0,0,0,0,0,0,0,0,0,0,1
2024-02-29,1,-0.2,5.2,-3.5,-2.2,44.0,2.8,0.0,1,0,0,0,0,0,0,0,0,0,0,0,0,0,0,0,0,0,0,1,0,0
2024-03-01,1,2.0,3.6,-4.7,-1.1,43.0,2.2,0.0,1,0,0,0,0,0,0,0,0,0,0,0,0,0,0,1,0,0,0,0,0,0
2024-03-02,1,9.1,4.3,-0.4,3.9,65.0,2.0,0.0,1,0,0,0,0,0,0,0,0,0,0,0,0,0,1,0,0,1,0,0,0,0
2024-03-03,1,13.5,2.6,5.1,8.5,63.0,1.3,0.0,1,0,0,0,0,0,0,0,0,0,0,0,0,0,1,0,0,0,1,0,0,0
2024-03-04,1,19.7,2.6,6.5,12.8,59.0,1.4,0.0,1,0,0,0,0,0,0,0,0,0,0,0,0,0,0,0,1,0,0,0,0,0
2024-03-05,1,14.5,4.4,10.6,12.4,90.0,1.3,41.0,1,0,0,0,0,0,0,0,0,0,0,0,0,0,0,0,0,0,0,0,1,0
2024-03-06,1,13.7,3.4,6.1,9.3,49.0,1.7,0.0,1,0,0,0,0,0,0,0,0,0,0,0,0,0,0,0,0,0,0,0,0,1
2024-03-07,1,12.7,2.7,5.8,9.1,38.0,1.3,0.0,1,0,0,0,0,0,0,0,0,0,0,0,0,0,0,0,0,0,0,1,0,0
2024-03-08,1,8.7,4.0,0.6,4.1,37.0,2.3,0.0,1,0,0,0,0,0,0,0,0,0,0,0,0,0,0,1,0,0,0,0,0,0
2024-03-09,1,6.3,4.6,-1.1,1.5,37.0,2.4,0.0,1,0,0,0,0,0,0,0,0,0,0,0,0,0,1,0,0,1,0,0,0,0
2024-03-10,1,4.0,4.7,-2.1,0.4,35.0,2.3,0.0,1,0,0,0,0,0,0,0,0,0,0,0,0,0,1,0,0,0,1,0,0,0
2024-03-11,1,4.6,4.0,-2.4,0.8,39.0,2.2,0.0,1,0,0,0,0,0,0,0,0,0,0,0,0,0,0,0,1,0,0,0,0,0
2024-03-12,1,6.9,3.7,-0.5,3.3,52.0,1.7,0.0,1,0,0,0,0,0,0,0,0,0,0,0,0,0,0,0,0,0,0,0,1,0
2024-03-13,1,6.8,2.5,3.6,4.9,60.0,1.1,0.0,1,0,0,0,0,0,0,0,0,0,0,0,0,0,0,0,0,0,0,0,0,1
2024-03-14,1,9.9,3.9,3.2,5.8,56.0,1.9,0.0,1,0,0,0,0,0,0,0,0,0,0,0,0,0,0,0,0,0,0,1,0,0
2024-03-15,1,12.5,3.2,1.9,6.9,38.0,1.5,0.0,1,0,0,0,0,0,0,0,0,0,0,0,0,0,0,1,0,0,0,0,0,0
2024-03-16,1,13.5,3.8,4.4,8.8,40.0,1.5,0.0,1,0,0,0,0,0,0,0,0,0,0,0,0,0,1,0,0,1,0,0,0,0
2024-03-17,1,15.1,2.8,3.8,10.2,42.0,1.0,0.0,1,0,0,0,0,0,0,0,0,0,0,0,0,0,1,0,0,0,1,0,0,0
2024-03-18,1,19.1,3.3,9.3,13.3,50.0,1.5,0.0,1,0,0,0,0,0,0,0,0,0,0,0,0,0,0,0,1,0,0,0,0,0
2024-03-19,1,17.3,3.6,8.5,12.5,55.0,1.8,0.0,1,0,0,0,0,0,0,0,0,0,0,0,0,0,0,0,0,0,0,0,1,0
2024-03-20,1,16.3,3.1,6.1,10.9,52.0,1.5,0.0,1,0,0,0,0,0,0,0,0,0,0,0,0,0,0,0,0,0,0,0,0,1
2024-03-21,1,15.9,3.9,7.1,10.9,50.0,1.6,0.0,1,0,0,0,0,0,0,0,0,0,0,0,0,0,0,0,0,0,0,1,0,0
2024-03-22,1,13.9,3.6,4.9,9.1,51.0,2.0,0.0,1,0,0,0,0,0,0,0,0,0,0,0,0,0,0,1,0,0,0,0,0,0
2024-03-23,1,13.4,4.1,6.5,9.0,49.0,2.1,0.0,1,0,0,0,0,0,0,0,0,0,0,0,0,0,1,0,0,1,0,0,0,0
2024-03-24,1,12.2,3.8,4.3,8.0,36.0,2.0,0.0,1,0,0,0,0,0,0,0,0,0,0,0,0,0,1,0,0,0,1,0,0,0
2024-03-25,1,11.5,3.7,3.9,7.7,44.0,1.5,0.0,1,0,0,0,0,0,0,0,0,0,0,0,0,0,0,0,1,0,0,0,0,0
2024-03-26,1,12.3,3.6,3.0,7.3,50.0,1.6,0.0,1,0,0,0,0,0,0,0,0,0,0,0,0,0,0,0,0,0,0,0,1,0
2024-03-27,1,12.9,4.3,4.0,8.0,50.0,2.1,0.0,1,0,0,0,0,0,0,0,0,0,0,0,0,0,0,0,0,0,0,0,0,1
2024-03-28,1,16.8,3.6,4.3,10.5,44.0,1.5,0.0,1,0,0,0,0,0,0,0,0,0,0,0,0,0,0,0,0,0,0,1,0,0
2024-03-29,1,18.2,4.9,9.1,12.2,55.0,2.4,0.0,1,0,0,0,0,0,0,0,0,0,0,0,0,0,0,1,0,0,0,0,0,0
2024-03-30,1,17.8,4.1,8.0,12.5,48.0,1.7,0.0,1,0,0,0,0,0,0,0,0,0,0,0,0,0,1,0,0,1,0,0,0,0
2024-03-31,1,20.9,3.2,7.5,14.4,28.0,1.5,0.0,1,0,0,0,0,0,0,0,0,0,0,0,0,0,1,0,0,0,1,0,0,0
2024-04-01,1,24.1,4.0,9.5,16.4,29.0,1.4,0.0,1,0,0,0,0,0,0,0,0,0,0,0,0,0,0,0,1,0,0,0,0,0
2024-04-02,1,21.7,4.9,11.1,16.1,39.0,1.8,0.0,1,0,0,0,0,0,0,0,0,0,0,0,0,0,0,0,0,0,0,0,1,0
2024-04-03,1,14.1,3.4,9.6,11.7,74.0,1.5,3.0,1,0,0,0,0,0,0,0,0,0,0,0,0,0,0,0,0,0,0,0,0,1
2024-04-04,1,19.4,3.4,7.1,13.2,43.0,1.8,0.0,1,0,0,0,0,0,0,0,0,0,0,0,0,0,0,0,0,0,0,1,0,0
2024-04-05,1,17.9,4.3,7.3,12.4,40.0,1.9,0.0,1,0,0,0,0,0,0,0,0,0,0,0,0,0,0,1,0,0,0,0,0,0
2024-04-06,1,23.0,3.8,8.1,15.0,43.0,1.4,3.5,1,0,0,0,0,0,0,0,0,0,0,0,0,0,1,0,0,1,0,0,0,0
2024-04-07,1,20.8,4.6,10.9,14.8,69.0,2.1,7.5,1,0,0,0,0,0,0,0,0,0,0,0,0,0,1,0,0,0,1,0,0,0
2024-04-08,1,19.7,4.8,8.7,11.8,75.0,2.1,0.0,1,0,0,0,0,0,0,0,0,0,0,0,0,0,0,0,1,0,0,0,0,0
2024-04-09,1,15.4,3.1,8.4,12.0,82.0,1.4,0.0,1,0,0,0,0,0,0,0,0,0,0,0,0,0,0,0,0,0,0,0,1,0
2024-04-10,1,20.7,4.3,10.7,14.2,71.0,1.7,0.0,1,0,0,0,0,0,0,0,0,0,0,0,0,0,0,0,0,0,0,0,0,1
2024-04-11,1,18.6,4.4,7.5,13.0,44.0,2.2,0.0,1,0,0,0,0,0,0,0,0,0,0,0,0,0,0,0,0,0,0,1,0,0
2024-04-12,1,19.7,3.4,10.0,14.9,43.0,1.5,0.0,1,0,0,0,0,0,0,0,0,0,0,0,0,0,0,1,0,0,0,0,0,0
2024-04-13,1,21.2,3.5,11.2,16.0,68.0,1.3,1.0,1,0,0,0,0,0,0,0,0,0,0,0,0,0,1,0,0,1,0,0,0,0
2024-04-14,1,18.0,4.1,9.6,13.3,75.0,2.1,0.0,1,0,0,0,0,0,0,0,0,0,0,0,0,0,1,0,0,0,1,0,0,0
2024-04-15,1,23.4,4.4,10.3,16.2,45.0,1.7,0.0,1,0,0,0,0,0,0,0,0,0,0,0,0,0,0,0,1,0,0,0,0,0
2024-04-16,1,22.0,3.7,11.3,15.9,61.0,1.5,20.5,1,0,0,0,0,0,0,0,0,0,0,0,0,0,0,0,0,0,0,0,1,0
2024-04-17,1,15.0,6.3,9.8,11.9,66.0,3.9,15.5,1,0,0,0,0,0,0,0,0,0,0,0,0,0,0,0,0,0,0,0,0,1
2024-04-18,1,19.2,5.7,8.8,12.2,62.0,2.7,5.0,1,0,0,0,0,0,0,0,0,0,0,0,0,0,0,0,0,0,0,1,0,0
2024-04-19,1,19.1,3.8,8.5,13.1,54.0,1.7,0.0,1,0,0,0,0,0,0,0,0,0,0,0,0,0,0,1,0,0,0,0,0,0
2024-04-20,1,20.1,4.1,11.8,15.3,52.0,1.3,0.0,1,0,0,0,0,0,0,0,0,0,0,0,0,0,1,0,0,1,0,0,0,0
2024-04-21,1,18.3,2.9,10.8,14.2,88.0,1.7,20.0,1,0,0,0,0,0,0,0,0,0,0,0,0,0,1,0,0,0,1,0,0,0
2024-04-22,1,22.6,4.9,12.2,15.0,80.0,2.1,0.0,1,0,0,0,0,0,0,0,0,0,0,0,0,0,0,0,1,0,0,0,0,0
2024-04-23,1,20.0,3.3,10.4,14.8,49.0,1.6,0.0,1,0,0,0,0,0,0,0,0,0,0,0,0,0,0,0,0,0,0,0,1,0
2024-04-24,1,23.4,3.6,9.7,16.7,37.0,1.6,0.0,1,0,0,0,0,0,0,0,0,0,0,0,0,0,0,0,0,0,0,0,0,1
2024-04-25,1,25.1,3.5,11.7,18.3,35.0,1.5,0.0,1,0,0,0,0,0,0,0,0,0,0,0,0,0,0,0,0,0,0,1,0,0
2024-04-26,1,29.8,4.2,13.7,21.4,36.0,1.5,0.0,1,0,0,0,0,0,0,0,0,0,0,0,0,0,0,1,0,0,0,0,0,0
2024-04-27,1,19.9,4.5,15.5,17.2,33.0,3.0,0.0,1,0,0,0,0,0,0,0,0,0,0,0,0,0,1,0,0,1,0,0,0,0
2024-04-28,1,22.6,3.5,13.7,17.7,34.0,1.8,0.0,1,0,0,0,0,0,0,0,0,0,0,0,0,0,1,0,0,0,1,0,0,0
2024-04-29,1,22.2,4.1,13.3,17.0,46.0,1.8,0.0,1,0,0,0,0,0,0,0,0,0,0,0,0,0,0,0,1,0,0,0,0,0
2024-04-30,1,22.3,5.5,12.4,17.2,46.0,2.3,0.0,1,0,0,0,0,0,0,0,0,0,0,0,0,0,0,0,0,0,0,0,1,0
2024-05-01,1,26.2,4.3,14.5,19.9,38.0,1.7,0.0,1,0,0,0,0,0,0,0,0,0,0,0,0,0,0,0,0,0,0,0,0,1
2024-05-02,1,28.5,4.6,17.5,21.3,64.0,1.4,21.0,1,0,0,0,0,0,0,0,0,0,0,0,0,0,0,0,0,0,0,1,0,0
2024-05-03,1,18.6,6.3,9.6,13.9,87.0,3.4,31.0,1,0,0,0,0,0,0,0,0,0,0,0,0,0,0,1,0,0,0,0,0,0
2024-05-04,1,20.6,7.5,11.3,16.7,42.0,4.4,0.0,1,0,0,0,0,0,0,0,0,0,0,0,0,0,1,0,0,1,0,0,0,0
2024-05-05,1,27.0,2.8,11.8,19.4,46.0,1.4,2.5,1,0,0,0,0,0,0,0,0,0,0,0,0,0,1,0,0,0,1,0,0,0
2024-05-06,1,19.9,3.7,14.1,17.1,88.0,1.4,7.5,1,0,0,0,0,0,0,0,0,0,0,0,0,0,0,0,1,0,0,0,0,0
2024-05-07,1,22.6,4.3,11.6,17.4,58.0,2.1,0.0,1,0,0,0,0,0,0,0,0,0,0,0,0,0,0,0,0,0,0,0,1,0
2024-05-08,1,26.7,4.7,13.3,20.1,43.0,1.6,0.0,1,0,0,0,0,0,0,0,0,0,0,0,0,0,0,0,0,0,0,0,0,1
2024-05-09,1,26.1,3.4,17.2,21.0,41.0,1.5,0.0,1,0,0,0,0,0,0,0,0,0,0,0,0,0,0,0,0,0,0,1,0,0
2024-05-10,1,19.8,3.6,13.7,15.3,77.0,1.9,14.5,1,0,0,0,0,0,0,0,0,0,0,0,0,0,0,1,0,0,0,0,0,0
2024-05-11,1,23.4,3.9,12.6,17.6,56.0,1.8,0.0,1,0,0,0,0,0,0,0,0,0,0,0,0,0,1,0,0,1,0,0,0,0
2024-05-12,1,24.8,5.2,14.5,19.0,57.0,2.2,0.0,1,0,0,0,0,0,0,0,0,0,0,0,0,0,1,0,0,0,1,0,0,0
2024-05-13,1,25.6,4.4,12.9,19.0,56.0,1.7,0.5,1,0,0,0,0,0,0,0,0,0,0,0,0,0,0,0,1,0,0,0,0,0
2024-05-14,1,27.7,4.4,16.4,21.0,44.0,1.6,0.0,1,0,0,0,0,0,0,0,0,0,0,0,0,0,0,0,0,0,0,0,1,0
2024-05-15,1,24.6,4.6,13.2,18.3,73.0,2.0,41.5,1,0,0,0,0,0,0,0,0,0,0,0,0,0,0,0,0,0,0,0,0,1
2024-05-16,1,22.3,4.7,11.7,16.8,53.0,2.7,4.0,1,0,0,0,0,0,0,0,0,0,0,0,0,0,0,0,0,0,0,1,0,0
2024-05-17,1,26.5,3.1,12.9,20.2,46.0,1.5,0.0,1,0,0,0,0,0,0,0,0,0,0,0,0,0,0,1,0,0,0,0,0,0
2024-05-18,1,29.4,3.6,15.1,23.2,41.0,1.5,0.0,1,0,0,0,0,0,0,0,0,0,0,0,0,0,1,0,0,1,0,0,0,0
2024-05-19,1,31.9,2.9,17.5,24.9,35.0,1.1,0.0,1,0,0,0,0,0,0,0,0,0,0,0,0,0,1,0,0,0,1,0,0,0
2024-05-20,1,31.7,3.2,18.6,25.0,34.0,1.4,0.0,1,0,0,0,0,0,0,0,0,0,0,0,0,0,0,0,1,0,0,0,0,0
2024-05-21,1,30.0,2.9,18.6,24.6,26.0,1.4,0.0,1,0,0,0,0,0,0,0,0,0,0,0,0,0,0,0,0,0,0,0,1,0
2024-05-22,1,31.5,3.1,18.5,24.9,37.0,1.5,0.0,1,0,0,0,0,0,0,0,0,0,0,0,0,0,0,0,0,0,0,0,0,1
2024-05-23,1,30.1,3.5,19.3,24.0,42.0,1.5,0.0,1,0,0,0,0,0,0,0,0,0,0,0,0,0,0,0,0,0,0,1,0,0
2024-05-24,1,23.0,3.8,16.2,17.4,81.0,2.1,29.5,1,0,0,0,0,0,0,0,0,0,0,0,0,0,0,1,0,0,0,0,0,0
2024-05-25,1,24.8,3.6,16.3,20.4,67.0,1.8,0.0,1,0,0,0,0,0,0,0,0,0,0,0,0,0,1,0,0,1,0,0,0,0
2024-05-26,1,23.4,3.8,19.0,20.6,65.0,1.5,0.0,1,0,0,0,0,0,0,0,0,0,0,0,0,0,1,0,0,0,1,0,0,0
2024-05-27,1,27.8,3.3,16.4,21.7,62.0,1.6,0.0,1,0,0,0,0,0,0,0,0,0,0,0,0,0,0,0,1,0,0,0,0,0
2024-05-28,1,27.9,3.4,18.2,22.7,52.0,1.7,0.0,1,0,0,0,0,0,0,0,0,0,0,0,0,0,0,0,0,0,0,0,1,0
2024-05-29,1,27.7,3.6,19.0,22.6,49.0,1.7,0.0,1,0,0,0,0,0,0,0,0,0,0,0,0,0,0,0,0,0,0,0,0,1
2024-05-30,1,28.8,4.2,18.4,23.2,53.0,2.0,0.0,1,0,0,0,0,0,0,0,0,0,0,0,0,0,0,0,0,0,0,1,0,0
2024-05-31,1,28.1,3.7,18.4,22.4,61.0,1.9,0.0,1,0,0,0,0,0,0,0,0,0,0,0,0,0,0,1,0,0,0,0,0,0
2024-06-01,1,29.8,3.6,18.6,24.0,44.0,1.6,0.0,1,0,0,0,0,0,0,0,0,0,0,0,0,0,1,0,0,1,0,0,0,0
2024-06-02,1,29.1,3.9,18.7,24.1,41.0,1.9,0.0,1,0,0,0,0,0,0,0,0,0,0,0,0,0,1,0,0,0,1,0,0,0
2024-06-03,1,28.1,3.4,18.5,23.5,45.0,1.7,0.0,1,0,0,0,0,0,0,0,0,0,0,0,0,0,0,0,1,0,0,0,0,0
2024-06-04,1,26.5,3.2,19.5,22.0,52.0,1.4,0.0,1,0,0,0,0,0,0,0,0,0,0,0,0,0,0,0,0,0,0,0,1,0
2024-06-05,1,31.3,2.9,18.8,25.1,48.0,1.4,0.0,1,0,0,0,0,0,0,0,0,0,0,0,0,0,0,0,0,0,0,0,0,1
2024-06-06,1,27.4,3.4,21.5,23.4,51.0,1.5,0.0,1,0,0,0,0,0,0,0,0,0,0,0,0,0,0,0,0,0,0,1,0,0
2024-06-07,1,26.2,3.5,20.2,22.7,65.0,1.5,0.0,1,0,0,0,0,0,0,0,0,0,0,0,0,0,0,1,0,0,0,0,0,0
2024-06-08,1,27.1,3.5,18.4,22.3,66.0,1.9,0.0,1,0,0,0,0,0,0,0,0,0,0,0,0,0,1,0,0,1,0,0,0,0
2024-06-09,1,30.9,3.3,19.3,24.9,59.0,1.5,0.0,1,0,0,0,0,0,0,0,0,0,0,0,0,0,1,0,0,0,1,0,0,0
2024-06-10,1,30.7,3.6,21.6,25.0,59.0,1.6,0.0,1,0,0,0,0,0,0,0,0,0,0,0,0,0,0,0,1,0,0,0,0,0
2024-06-11,1,27.6,3.1,21.6,24.0,74.0,1.5,20.5,1,0,0,0,0,0,0,0,0,0,0,0,0,0,0,0,0,0,0,0,1,0
2024-06-12,1,27.0,3.5,21.4,23.8,82.0,1.7,0.0,1,0,0,0,0,0,0,0,0,0,0,0,0,0,0,0,0,0,0,0,0,1
2024-06-13,1,30.2,3.7,20.0,24.3,69.0,1.8,0.0,1,0,0,0,0,0,0,0,0,0,0,0,0,0,0,0,0,0,0,1,0,0
2024-06-14,1,29.6,4.1,20.4,24.2,61.0,1.6,0.0,1,0,0,0,0,0,0,0,0,0,0,0,0,0,0,1,0,0,0,0,0,0
2024-06-15,1,25.4,3.6,17.5,21.3,82.0,1.7,34.5,1,0,0,0,0,0,0,0,0,0,0,0,0,0,1,0,0,1,0,0,0,0
2024-06-16,1,25.0,4.4,19.4,21.4,74.0,2.3,0.0,1,0,0,0,0,0,0,0,0,0,0,0,0,0,1,0,0,0,1,0,0,0
2024-06-17,1,30.0,3.6,18.9,24.1,64.0,1.9,0.0,1,0,0,0,0,0,0,0,0,0,0,0,0,0,0,0,1,0,0,0,0,0
2024-06-18,1,30.6,4.0,20.9,25.2,58.0,1.4,0.0,1,0,0,0,0,0,0,0,0,0,0,0,0,0,0,0,0,0,0,0,1,0
2024-06-19,1,29.3,3.9,21.6,24.9,63.0,1.6,0.0,1,0,0,0,0,0,0,0,0,0,0,0,0,0,0,0,0,0,0,0,0,1
2024-06-20,1,30.4,2.7,20.8,25.5,64.0,1.3,0.0,1,0,0,0,0,0,0,0,0,0,0,0,0,0,0,0,0,0,0,1,0,0
2024-06-21,1,31.5,3.6,22.0,26.8,59.0,1.2,0.0,1,0,0,0,0,0,0,0,0,0,0,0,0,0,0,1,0,0,0,0,0,0
2024-06-22,1,30.6,3.7,22.3,24.9,74.0,1.5,5.5,1,0,0,0,0,0,0,0,0,0,0,0,0,0,1,0,0,1,0,0,0,0
2024-06-23,1,30.3,3.7,20.8,25.4,73.0,1.5,0.0,1,0,0,0,0,0,0,0,0,0,0,0,0,0,1,0,0,0,1,0,0,0
2024-06-24,1,26.3,4.6,21.6,23.6,78.0,1.9,3.0,1,0,0,0,0,0,0,0,0,0,0,0,0,0,0,0,1,0,0,0,0,0
2024-06-25,1,27.7,4.8,19.9,23.4,63.0,2.6,0.0,1,0,0,0,0,0,0,0,0,0,0,0,0,0,0,0,0,0,0,0,1,0
2024-06-26,1,30.7,4.1,20.0,25.1,58.0,2.1,0.0,1,0,0,0,0,0,0,0,0,0,0,0,0,0,0,0,0,0,0,0,0,1
2024-06-27,1,30.1,2.8,21.3,25.3,55.0,1.3,0.0,1,0,0,0,0,0,0,0,0,0,0,0,0,0,0,0,0,0,0,1,0,0
2024-06-28,1,30.6,3.7,20.7,25.7,58.0,1.6,0.0,1,0,0,0,0,0,0,0,0,0,0,0,0,0,0,1,0,0,0,0,0,0
2024-06-29,1,30.7,3.5,22.8,26.0,58.0,1.7,0.0,1,0,0,0,0,0,0,0,0,0,0,0,0,0,1,0,0,1,0,0,0,0
2024-06-30,1,28.1,3.8,22.6,25.1,82.0,2.0,4.0,1,0,0,0,0,0,0,0,0,0,0,0,0,0,1,0,0,0,1,0,0,0
2024-07-01,1,28.4,3.3,22.7,24.6,89.0,1.5,115.5,1,0,0,0,0,0,0,0,0,0,0,0,0,0,0,0,1,0,0,0,0,0
2024-07-02,1,28.0,3.1,21.2,24.3,80.0,1.9,3.5,1,0,0,0,0,0,0,0,0,0,0,0,0,0,0,0,0,0,0,0,1,0
2024-07-03,1,27.0,2.6,21.9,24.1,71.0,1.2,0.0,1,0,0,0,0,0,0,0,0,0,0,0,0,0,0,0,0,0,0,0,0,1
2024-07-04,1,24.0,3.3,20.4,21.7,91.0,1.9,41.0,1,0,0,0,0,0,0,0,0,0,0,0,0,0,0,0,0,0,0,1,0,0
2024-07-05,1,26.8,4.0,20.4,24.0,98.0,1.8,110.5,1,0,0,0,0,0,0,0,0,0,0,0,0,0,0,1,0,0,0,0,0,0
2024-07-06,1,28.3,2.9,19.8,23.5,76.0,1.5,0.5,1,0,0,0,0,0,0,0,0,0,0,0,0,0,1,0,0,1,0,0,0,0
2024-07-07,1,28.8,2.6,21.3,24.5,75.0,1.0,2.0,1,0,0,0,0,0,0,0,0,0,0,0,0,0,1,0,0,0,1,0,0,0
2024-07-08,1,33.3,3.6,21.8,27.9,66.0,1.4,0.0,1,0,0,0,0,0,0,0,0,0,0,0,0,0,0,0,1,0,0,0,0,0
2024-07-09,1,33.8,3.8,23.7,28.8,63.0,1.7,0.0,1,0,0,0,0,0,0,0,0,0,0,0,0,0,0,0,0,0,0,0,1,0
2024-07-10,1,34.0,3.4,24.3,28.7,62.0,1.5,0.0,1,0,0,0,0,0,0,0,0,0,0,0,0,0,0,0,0,0,0,0,0,1
2024-07-11,1,35.7,3.9,24.7,29.1,67.0,1.3,1.0,1,0,0,0,0,0,0,0,0,0,0,0,0,0,0,0,0,0,0,1,0,0
2024-07-12,1,31.0,3.4,22.8,26.8,70.0,1.4,2.5,1,0,0,0,0,0,0,0,0,0,0,0,0,0,0,1,0,0,0,0,0,0
2024-07-13,1,30.3,3.3,23.8,26.9,70.0,1.8,0.0,1,0,0,0,0,0,0,0,0,0,0,0,0,0,1,0,0,1,0,0,0,0
2024-07-14,1,32.0,3.5,24.2,27.7,66.0,1.7,0.0,1,0,0,0,0,0,0,0,0,0,0,0,0,0,1,0,0,0,1,0,0,0
2024-07-15,1,29.5,3.4,23.2,26.4,62.0,1.6,2.0,1,0,0,0,0,0,0,0,0,0,0,0,0,0,0,0,1,0,0,0,0,0
2024-07-16,1,23.3,3.9,19.7,21.2,97.0,1.9,50.0,1,0,0,0,0,0,0,0,0,0,0,0,0,0,0,0,0,0,0,0,1,0
2024-07-17,1,24.3,3.5,20.9,22.2,86.0,1.8,1.0,1,0,0,0,0,0,0,0,0,0,0,0,0,0,0,0,0,0,0,0,0,1
2024-07-18,1,28.3,2.8,20.7,24.7,74.0,1.2,0.0,1,0,0,0,0,0,0,0,0,0,0,0,0,0,0,0,0,0,0,1,0,0
2024-07-19,1,32.1,2.9,21.1,26.8,70.0,1.3,0.0,1,0,0,0,0,0,0,0,0,0,0,0,0,0,0,1,0,0,0,0,0,0
2024-07-20,1,32.7,3.1,24.0,28.4,66.0,1.4,0.0,1,0,0,0,0,0,0,0,0,0,0,0,0,0,1,0,0,1,0,0,0,0
2024-07-21,1,32.4,2.5,25.4,28.5,62.0,1.3,0.0,1,0,0,0,0,0,0,0,0,0,0,0,0,0,1,0,0,0,1,0,0,0
2024-07-22,1,34.1,2.8,26.0,29.6,63.0,1.4,0.0,1,0,0,0,0,0,0,0,0,0,0,0,0,0,0,0,1,0,0,0,0,0
2024-07-23,1,32.1,3.0,27.5,29.5,71.0,1.4,0.0,1,0,0,0,0,0,0,0,0,0,0,0,0,0,0,0,0,0,0,0,1,0
2024-07-24,1,30.9,2.9,27.6,29.0,77.0,1.5,0.0,1,0,0,0,0,0,0,0,0,0,0,0,0,0,0,0,0,0,0,0,0,1
2024-07-25,1,32.7,3.5,26.8,29.2,75.0,1.7,0.0,1,0,0,0,0,0,0,0,0,0,0,0,0,0,0,0,0,0,0,1,0,0
2024-07-26,1,32.8,3.7,26.0,28.9,71.0,1.9,0.0,1,0,0,0,0,0,0,0,0,0,0,0,0,0,0,1,0,0,0,0,0,0
2024-07-27,1,30.0,4.4,26.7,28.5,77.0,2.2,0.0,1,0,0,0,0,0,0,0,0,0,0,0,0,0,1,0,0,1,0,0,0,0
2024-07-28,1,31.3,4.5,25.9,28.6,71.0,2.1,1.5,1,0,0,0,0,0,0,0,0,0,0,0,0,0,1,0,0,0,1,0,0,0
2024-07-29,1,29.2,2.5,23.4,26.9,85.0,1.2,33.0,1,0,0,0,0,0,0,0,0,0,0,0,0,0,0,0,1,0,0,0,0,0
2024-07-30,1,33.4,2.9,27.0,29.3,75.0,1.6,0.0,1,0,0,0,0,0,0,0,0,0,0,0,0,0,0,0,0,0,0,0,1,0
2024-07-31,1,33.5,3.8,26.7,29.4,73.0,1.4,0.0,1,0,0,0,0,0,0,0,0,0,0,0,0,0,0,0,0,0,0,0,0,1
2024-08-01,1,32.7,3.7,25.5,28.4,74.0,1.5,0.0,1,0,0,0,0,0,0,0,0,0,0,0,0,0,0,0,0,0,0,1,0,0
2024-08-02,1,31.7,4.1,24.1,27.4,77.0,1.1,7.0,1,0,0,0,0,0,0,0,0,0,0,0,0,0,0,1,0,0,0,0,0,0
2024-08-03,1,34.2,2.9,24.8,29.6,66.0,1.5,0.0,1,0,0,0,0,0,0,0,0,0,0,0,0,0,1,0,0,1,0,0,0,0
2024-08-04,1,35.5,2.7,26.5,31.0,62.0,1.5,0.0,1,0,0,0,0,0,0,0,0,0,0,0,0,0,1,0,0,0,1,0,0,0
2024-08-05,1,36.4,2.5,26.5,31.6,61.0,1.4,0.0,1,0,0,0,0,0,0,0,0,0,0,0,0,0,0,0,1,0,0,0,0,0
2024-08-06,1,35.2,3.1,26.8,31.0,66.0,1.4,0.0,1,0,0,0,0,0,0,0,0,0,0,0,0,0,0,0,0,0,0,0,1,0
2024-08-07,1,35.1,3.3,28.1,31.5,55.0,1.7,0.0,1,0,0,0,0,0,0,0,0,0,0,0,0,0,0,0,0,0,0,0,0,1
2024-08-08,1,35.0,3.1,27.2,30.6,64.0,1.4,0.0,1,0,0,0,0,0,0,0,0,0,0,0,0,0,0,0,0,0,0,1,0,0
2024-08-09,1,33.2,3.0,26.6,29.1,73.0,1.7,9.5,1,0,0,0,0,0,0,0,0,0,0,0,0,0,0,1,0,0,0,0,0,0
2024-08-10,1,34.0,3.2,26.8,30.1,66.0,1.6,0.0,1,0,0,0,0,0,0,0,0,0,0,0,0,0,1,0,0,1,0,0,0,0
2024-08-11,1,36.2,3.6,27.2,31.1,63.0,1.6,0.0,1,0,0,0,0,0,0,0,0,0,0,0,0,0,1,0,0,0,1,0,0,0
2024-08-12,1,35.9,3.6,27.4,31.0,69.0,1.7,0.0,1,0,0,0,0,0,0,0,0,0,0,0,0,0,0,0,1,0,0,0,0,0
2024-08-13,1,35.0,3.5,27.7,30.6,70.0,1.9,0.0,1,0,0,0,0,0,0,0,0,0,0,0,0,0,0,0,0,0,0,0,1,0
2024-08-14,1,32.1,3.0,28.4,29.6,77.0,1.3,2.0,1,0,0,0,0,0,0,0,0,0,0,0,0,0,0,0,0,0,0,0,0,1
2024-08-15,1,34.4,3.8,26.8,30.2,67.0,1.6,0.0,1,0,0,0,0,0,0,0,0,0,0,0,0,0,0,0,0,0,0,1,0,0
2024-08-16,1,34.9,3.8,26.7,30.2,61.0,1.4,0.0,1,0,0,0,0,0,0,0,0,0,0,0,0,0,0,1,0,0,0,0,0,0
2024-08-17,1,34.6,3.1,26.2,30.2,62.0,1.4,0.0,1,0,0,0,0,0,0,0,0,0,0,0,0,0,1,0,0,1,0,0,0,0
2024-08-18,1,34.9,2.5,26.8,30.2,65.0,1.1,0.0,1,0,0,0,0,0,0,0,0,0,0,0,0,0,1,0,0,0,1,0,0,0
2024-08-19,1,32.9,2.5,27.8,30.1,68.0,1.3,0.0,1,0,0,0,0,0,0,0,0,0,0,0,0,0,0,0,1,0,0,0,0,0
2024-08-20,1,34.9,2.9,27.8,30.7,59.0,1.6,0.0,1,0,0,0,0,0,0,0,0,0,0,0,0,0,0,0,0,0,0,0,1,0
2024-08-21,1,36.2,2.8,27.4,31.0,58.0,1.4,0.0,1,0,0,0,0,0,0,0,0,0,0,0,0,0,0,0,0,0,0,0,0,1
2024-08-22,1,34.4,2.9,26.5,29.6,64.0,1.5,4.0,1,0,0,0,0,0,0,0,0,0,0,0,0,0,0,0,0,0,0,1,0,0
2024-08-23,1,34.1,2.6,26.4,29.4,65.0,1.5,0.0,1,0,0,0,0,0,0,0,0,0,0,0,0,0,0,1,0,0,0,0,0,0
2024-08-24,1,33.0,2.5,27.0,29.5,60.0,1.4,0.0,1,0,0,0,0,0,0,0,0,0,0,0,0,0,1,0,0,1,0,0,0,0
2024-08-25,1,33.1,3.7,24.3,28.0,70.0,1.7,2.0,1,0,0,0,0,0,0,0,0,0,0,0,0,0,1,0,0,0,1,0,0,0
2024-08-26,1,27.8,5.1,20.1,23.1,60.0,2.7,21.5,1,0,0,0,0,0,0,0,0,0,0,0,0,0,0,0,1,0,0,0,0,0
2024-08-27,1,28.8,4.4,19.2,23.4,46.0,2.4,0.0,1,0,0,0,0,0,0,0,0,0,0,0,0,0,0,0,0,0,0,0,1,0
2024-08-28,1,23.5,4.5,18.2,21.0,66.0,2.2,3.0,1,0,0,0,0,0,0,0,0,0,0,0,0,0,0,0,0,0,0,0,0,1
2024-08-29,1,27.9,3.5,19.1,22.7,54.0,1.5,0.0,1,0,0,0,0,0,0,0,0,0,0,0,0,0,0,0,0,0,0,1,0,0
2024-08-30,1,25.1,4.4,19.2,21.6,58.0,2.3,0.0,1,0,0,0,0,0,0,0,0,0,0,0,0,0,0,1,0,0,0,0,0,0
2024-08-31,1,21.2,5.2,16.6,18.9,87.0,2.9,21.5,1,0,0,0,0,0,0,0,0,0,0,0,0,0,1,0,0,1,0,0,0,0
2024-09-01,1,29.8,5.7,17.7,24.6,71.0,2.1,0.0,1,0,0,0,0,0,0,0,0,0,0,0,0,0,1,0,0,0,1,0,0,0
2024-09-02,1,28.8,3.0,20.2,24.2,72.0,1.5,11.5,1,0,0,0,0,0,0,0,0,0,0,0,0,0,0,0,1,0,0,0,0,0
2024-09-03,1,28.2,2.8,20.7,24.5,75.0,1.4,0.5,1,0,0,0,0,0,0,0,0,0,0,0,0,0,0,0,0,0,0,0,1,0
2024-09-04,1,30.4,2.3,22.8,26.1,74.0,1.2,0.0,1,0,0,0,0,0,0,0,0,0,0,0,0,0,0,0,0,0,0,0,0,1
2024-09-05,1,31.6,3.1,24.1,27.2,66.0,1.3,0.0,1,0,0,0,0,0,0,0,0,0,0,0,0,0,0,0,0,0,0,1,0,0
2024-09-06,1,29.4,3.4,22.1,25.4,71.0,1.6,0.0,1,0,0,0,0,0,0,0,0,0,0,0,0,0,0,1,0,0,0,0,0,0
2024-09-07,1,28.3,3.0,22.5,24.6,77.0,1.4,0.0,1,0,0,0,0,0,0,0,0,0,0,0,0,0,1,0,0,1,0,0,0,0
2024-09-08,1,26.8,3.2,22.0,23.9,72.0,1.1,1.0,1,0,0,0,0,0,0,0,0,0,0,0,0,0,1,0,0,0,1,0,0,0
2024-09-09,1,29.1,3.6,21.1,24.4,71.0,1.5,0.0,1,0,0,0,0,0,0,0,0,0,0,0,0,0,0,0,1,0,0,0,0,0
2024-09-10,1,28.9,2.5,20.6,24.3,71.0,1.3,0.0,1,0,0,0,0,0,0,0,0,0,0,0,0,0,0,0,0,0,0,0,1,0
2024-09-11,1,28.0,2.8,22.6,25.3,65.0,1.0,0.0,1,0,0,0,0,0,0,0,0,0,0,0,0,0,0,0,0,0,0,0,0,1
2024-09-12,1,28.1,3.2,22.4,24.2,71.0,1.6,0.0,1,0,0,0,0,0,0,0,0,0,0,0,0,0,0,0,0,0,0,1,0,0
2024-09-13,1,30.0,4.0,20.6,24.9,65.0,1.4,6.5,1,0,0,0,0,0,0,0,0,0,0,0,0,0,0,1,0,0,0,0,0,0
2024-09-14,1,28.6,3.0,22.6,25.0,65.0,1.2,0.0,1,0,0,0,0,0,0,0,0,0,0,0,0,0,1,0,0,1,0,0,0,0
2024-09-15,1,29.7,2.5,19.7,24.4,69.0,1.1,0.0,1,0,0,0,0,0,0,0,0,0,0,0,0,0,1,0,0,0,1,0,0,0
2024-09-16,1,29.0,2.6,21.2,24.8,70.0,1.2,0.0,1,0,0,0,0,0,0,0,0,0,0,0,0,0,0,0,1,0,0,0,0,0
2024-09-17,1,27.7,3.9,18.4,23.0,68.0,2.1,12.5,1,0,0,0,0,0,0,0,0,0,0,0,0,0,0,0,0,0,0,0,1,0
2024-09-18,1,26.8,4.3,21.2,23.5,56.0,2.7,0.0,1,0,0,0,0,0,0,0,0,0,0,0,0,0,0,0,0,0,0,0,0,1
2024-09-19,1,26.8,5.1,19.3,21.9,56.0,2.9,0.0,1,0,0,0,0,0,0,0,0,0,0,0,0,0,0,0,0,0,0,1,0,0
2024-09-20,1,25.5,4.3,17.3,20.9,43.0,2.4,0.0,1,0,0,0,0,0,0,0,0,0,0,0,0,0,0,1,0,0,0,0,0,0
2024-09-21,1,24.7,3.4,15.8,20.3,49.0,1.8,0.0,1,0,0,0,0,0,0,0,0,0,0,0,0,0,1,0,0,1,0,0,0,0
2024-09-22,1,26.6,2.6,18.6,21.9,51.0,1.5,0.0,1,0,0,0,0,0,0,0,0,0,0,0,0,0,1,0,0,0,1,0,0,0
2024-09-23,1,26.7,2.4,16.9,21.8,62.0,1.3,0.0,1,0,0,0,0,0,0,0,0,0,0,0,0,0,0,0,1,0,0,0,0,0
2024-09-24,1,28.0,2.6,17.8,22.5,63.0,1.3,0.0,1,0,0,0,0,0,0,0,0,0,0,0,0,0,0,0,0,0,0,0,1,0
2024-09-25,1,28.4,2.8,19.6,23.5,62.0,1.0,0.0,1,0,0,0,0,0,0,0,0,0,0,0,0,0,0,0,0,0,0,0,0,1
2024-09-26,1,28.0,2.5,20.2,23.7,66.0,1.1,0.0,1,0,0,0,0,0,0,0,0,0,0,0,0,0,0,0,0,0,0,1,0,0
2024-09-27,1,23.8,2.3,18.8,21.0,87.0,1.1,13.5,1,0,0,0,0,0,0,0,0,0,0,0,0,0,0,1,0,0,0,0,0,0
2024-09-28,1,22.7,2.3,19.3,20.9,85.0,0.9,0.5,1,0,0,0,0,0,0,0,0,0,0,0,0,0,1,0,0,1,0,0,0,0
2024-09-29,1,24.5,3.5,18.7,20.5,65.0,2.1,0.0,1,0,0,0,0,0,0,0,0,0,0,0,0,0,1,0,0,0,1,0,0,0
2024-09-30,1,24.5,2.3,18.7,21.2,67.0,1.0,0.0,1,0,0,0,0,0,0,0,0,0,0,0,0,0,0,0,1,0,0,0,0,0
2024-10-01,1,25.1,2.2,18.6,21.4,75.0,1.0,0.0,1,0,0,0,0,0,0,0,0,0,0,0,0,0,0,0,0,0,0,0,1,0
2024-10-02,1,23.2,4.2,17.3,19.6,88.0,1.5,15.0,1,0,0,0,0,0,0,0,0,0,0,0,0,0,0,0,0,0,0,0,0,1
2024-10-03,1,27.9,4.2,20.7,23.9,73.0,1.9,5.5,1,0,0,0,0,0,0,0,0,0,0,0,0,0,0,0,0,0,0,1,0,0
2024-10-04,1,28.3,3.3,17.1,22.1,64.0,1.9,0.0,1,0,0,0,0,0,0,0,0,0,0,0,0,0,0,1,0,0,0,0,0,0
2024-10-05,1,26.8,3.9,18.9,21.6,62.0,2.3,0.0,1,0,0,0,0,0,0,0,0,0,0,0,0,0,1,0,0,1,0,0,0,0
2024-10-06,1,23.8,3.0,15.4,19.1,58.0,1.6,0.0,1,0,0,0,0,0,0,0,0,0,0,0,0,0,1,0,0,0,1,0,0,0
2024-10-07,1,24.3,2.7,17.0,19.8,72.0,1.6,1.5,1,0,0,0,0,0,0,0,0,0,0,0,0,0,0,0,1,0,0,0,0,0
2024-10-08,1,22.1,4.6,11.5,17.6,66.0,2.1,6.0,1,0,0,0,0,0,0,0,0,0,0,0,0,0,0,0,0,0,0,0,1,0
2024-10-09,1,16.5,3.3,8.5,12.4,44.0,1.8,0.0,1,0,0,0,0,0,0,0,0,0,0,0,0,0,0,0,0,0,0,0,0,1
2024-10-10,1,20.6,2.6,10.1,14.7,42.0,1.3,0.0,1,0,0,0,0,0,0,0,0,0,0,0,0,0,0,0,0,0,0,1,0,0
2024-10-11,1,21.1,2.9,11.6,16.3,63.0,1.5,0.0,1,0,0,0,0,0,0,0,0,0,0,0,0,0,0,1,0,0,0,0,0,0
2024-10-12,1,20.4,3.1,13.7,16.7,54.0,1.4,0.0,1,0,0,0,0,0,0,0,0,0,0,0,0,0,1,0,0,1,0,0,0,0
2024-10-13,1,21.0,2.8,11.5,16.0,46.0,1.2,0.0,1,0,0,0,0,0,0,0,0,0,0,0,0,0,1,0,0,0,1,0,0,0
2024-10-14,1,23.4,1.9,12.1,17.3,65.0,1.0,0.0,1,0,0,0,0,0,0,0,0,0,0,0,0,0,0,0,1,0,0,0,0,0
2024-10-15,1,25.7,2.3,13.7,19.3,64.0,1.0,0.0,1,0,0,0,0,0,0,0,0,0,0,0,0,0,0,0,0,0,0,0,1,0
2024-10-16,1,19.7,2.2,15.9,17.6,77.0,1.0,1.0,1,0,0,0,0,0,0,0,0,0,0,0,0,0,0,0,0,0,0,0,0,1
2024-10-17,1,22.5,3.5,15.3,18.2,78.0,1.2,0.0,1,0,0,0,0,0,0,0,0,0,0,0,0,0,0,0,0,0,0,1,0,0
2024-10-18,1,23.0,2.1,13.5,17.7,75.0,1.1,0.0,1,0,0,0,0,0,0,0,0,0,0,0,0,0,0,1,0,0,0,0,0,0
2024-10-19,1,24.3,3.0,15.4,18.7,70.0,1.4,0.0,1,0,0,0,0,0,0,0,0,0,0,0,0,0,1,0,0,1,0,0,0,0
2024-10-20,1,25.1,3.4,14.1,18.9,66.0,1.3,0.0,1,0,0,0,0,0,0,0,0,0,0,0,0,0,1,0,0,0,1,0,0,0
2024-10-21,1,21.3,3.2,16.6,18.2,60.0,1.6,0.0,1,0,0,0,0,0,0,0,0,0,0,0,0,0,0,0,1,0,0,0,0,0
2024-10-22,1,21.8,2.5,15.7,18.7,60.0,1.2,0.0,1,0,0,0,0,0,0,0,0,0,0,0,0,0,0,0,0,0,0,0,1,0
2024-10-23,1,18.8,4.3,11.2,13.8,70.0,2.7,3.0,1,0,0,0,0,0,0,0,0,0,0,0,0,0,0,0,0,0,0,0,0,1
2024-10-24,1,20.2,2.7,10.4,15.4,56.0,1.5,0.0,1,0,0,0,0,0,0,0,0,0,0,0,0,0,0,0,0,0,0,1,0,0
2024-10-25,1,18.4,2.3,12.5,14.7,86.0,1.1,35.5,1,0,0,0,0,0,0,0,0,0,0,0,0,0,0,1,0,0,0,0,0,0
2024-10-26,1,17.1,2.3,11.3,14.2,84.0,0.9,0.0,1,0,0,0,0,0,0,0,0,0,0,0,0,0,1,0,0,1,0,0,0,0
2024-10-27,1,19.9,3.0,10.9,15.6,68.0,1.2,0.0,1,0,0,0,0,0,0,0,0,0,0,0,0,0,1,0,0,0,1,0,0,0
2024-10-28,1,18.7,3.5,11.5,15.5,63.0,1.5,0.0,1,0,0,0,0,0,0,0,0,0,0,0,0,0,0,0,1,0,0,0,0,0
2024-10-29,1,11.9,3.6,6.4,9.4,39.0,2.0,0.0,1,0,0,0,0,0,0,0,0,0,0,0,0,0,0,0,0,0,0,0,1,0
2024-10-30,1,14.2,2.2,4.6,9.3,32.0,1.2,0.0,1,0,0,0,0,0,0,0,0,0,0,0,0,0,0,0,0,0,0,0,0,1
2024-10-31,1,10.0,3.7,2.5,7.2,54.0,1.5,0.0,1,0,0,0,0,0,0,0,0,0,0,0,0,0,0,0,0,0,0,1,0,0
2024-11-01,1,6.6,3.7,-0.3,3.0,41.0,2.0,0.0,1,0,0,0,0,0,0,0,0,0,0,0,0,0,0,1,0,0,0,0,0,0
2024-11-02,1,10.0,3.0,0.3,5.2,54.0,1.2,0.0,1,0,0,0,0,0,0,0,0,0,0,0,0,0,1,0,0,1,0,0,0,0
2024-11-03,1,14.2,3.1,6.1,10.0,62.0,1.4,0.0,1,0,0,0,0,0,0,0,0,0,0,0,0,0,1,0,0,0,1,0,0,0
2024-11-04,1,16.3,3.8,9.6,13.1,65.0,1.8,0.0,1,0,0,0,0,0,0,0,0,0,0,0,0,0,0,0,1,0,0,0,0,0
2024-11-05,1,18.6,4.2,12.7,15.4,79.0,1.7,0.0,1,0,0,0,0,0,0,0,0,0,0,0,0,0,0,0,0,0,0,0,1,0
2024-11-06,1,17.0,3.3,13.2,14.6,62.0,1.8,0.0,1,0,0,0,0,0,0,0,0,0,0,0,0,0,0,0,0,0,0,0,0,1
2024-11-07,1,18.1,3.6,9.4,13.7,69.0,1.6,4.5,1,0,0,0,0,0,0,0,0,0,0,0,0,0,0,0,0,0,0,1,0,0
2024-11-08,1,9.5,4.0,2.2,5.5,57.0,2.4,0.5,1,0,0,0,0,0,0,0,0,0,0,0,0,0,0,1,0,0,0,0,0,0
2024-11-09,1,8.6,2.6,-0.3,3.9,39.0,1.4,0.0,1,0,0,0,0,0,0,0,0,0,0,0,0,0,1,0,0,1,0,0,0,0
2024-11-10,1,10.6,2.4,3.1,6.8,60.0,1.4,0.5,1,0,0,0,0,0,0,0,0,0,0,0,0,0,1,0,0,0,1,0,0,0
2024-11-11,1,14.4,4.0,7.3,10.5,61.0,1.7,1.5,1,0,0,0,0,0,0,0,0,0,0,0,0,0,0,0,1,0,0,0,0,0
2024-11-12,1,17.3,3.8,7.2,12.4,62.0,1.6,0.0,1,0,0,0,0,0,0,0,0,0,0,0,0,0,0,0,0,0,0,0,1,0
2024-11-13,1,18.6,1.8,12.6,15.1,75.0,0.8,0.0,1,0,0,0,0,0,0,0,0,0,0,0,0,0,0,0,0,0,0,0,0,1
2024-11-14,1,17.0,3.1,12.0,14.4,79.0,1.3,3.0,1,0,0,0,0,0,0,0,0,0,0,0,0,0,0,0,0,0,0,1,0,0
2024-11-15,1,22.0,3.6,12.0,17.0,73.0,2.3,0.0,1,0,0,0,0,0,0,0,0,0,0,0,0,0,0,1,0,0,0,0,0,0
2024-11-16,1,21.0,2.3,7.0,14.0,80.0,1.2,0.0,1,0,0,0,0,0,0,0,0,0,0,0,0,0,1,0,0,1,0,0,0,0
2024-11-17,1,11.0,1.9,-3.0,4.0,38.5,0.9,0.0,1,0,0,0,0,0,0,0,0,0,0,0,0,0,1,0,0,0,1,0,0,0
2024-11-18,1,7.0,2.8,-2.0,2.5,49.5,1.3,0.0,1,0,0,0,0,0,0,0,0,0,0,0,0,0,0,0,1,0,0,0,0,0
2024-11-19,1,11.0,3.0,-1.0,5.0,67.5,1.4,0.0,1,0,0,0,0,0,0,0,0,0,0,0,0,0,0,0,0,0,0,0,1,0
2024-11-20,1,11.0,3.6,3.0,7.0,71.0,1.6,0.0,1,0,0,0,0,0,0,0,0,0,0,0,0,0,0,0,0,0,0,0,0,1
2024-11-21,1,15.0,3.2,2.0,8.5,80.5,1.2,0.0,1,0,0,0,0,0,0,0,0,0,0,0,0,0,0,0,0,0,0,1,0,0
2024-11-22,1,11.0,4.4,-2.0,4.5,61.5,2.7,0.0,1,0,0,0,0,0,0,0,0,0,0,0,0,0,0,1,0,0,0,0,0,0
2024-11-23,1,11.0,4.3,1.0,6.0,59.0,2.0,0.0,1,0,0,0,0,0,0,0,0,0,0,0,0,0,1,0,0,1,0,0,0,0
2024-11-24,1,11.0,3.4,3.0,7.0,66.0,1.8,0.0,1,0,0,0,0,0,0,0,0,0,0,0,0,0,1,0,0,0,1,0,0,0
2024-11-25,1,11.0,3.1,3.0,7.0,70.0,1.3,0.0,1,0,0,0,0,0,0,0,0,0,0,0,0,0,0,0,1,0,0,0,0,0
2024-11-26,1,10.0,2.5,1.0,5.5,74.5,1.2,4.5,1,0,0,0,0,0,0,0,0,0,0,0,0,0,0,0,0,0,0,0,1,0
2024-11-27,1,6.9,2.4,2.4,4.4,84.0,1.1,0.5,1,0,0,0,0,0,0,0,0,0,0,0,0,0,0,0,0,0,0,0,0,1
2024-11-28,1,5.7,3.2,1.0,2.9,55.0,2.1,0.0,1,0,0,0,0,0,0,0,0,0,0,0,0,0,0,0,0,0,0,1,0,0
2024-11-29,1,7.7,2.4,0.3,3.4,41.0,1.1,0.0,1,0,0,0,0,0,0,0,0,0,0,0,0,0,0,1,0,0,0,0,0,0
2024-11-30,1,10.5,3.0,2.8,7.2,59.0,1.3,1.5,1,0,0,0,0,0,0,0,0,0,0,0,0,0,1,0,0,1,0,0,0,0
2024-12-01,1,8.5,4.9,1.5,5.8,45.0,2.3,0.0,1,0,0,0,0,0,0,0,0,0,0,0,0,0,1,0,0,0,1,0,0,0
2024-12-02,1,7.3,3.5,0.0,3.5,47.0,1.3,0.0,1,0,0,0,0,0,0,0,0,0,0,0,0,0,0,0,1,0,0,0,0,0
2024-12-03,1,10.3,2.2,0.8,5.4,60.0,1.1,0.0,1,0,0,0,0,0,0,0,0,0,0,0,0,0,0,0,0,0,0,0,1,0
2024-12-04,1,9.3,2.0,3.2,6.4,62.0,0.9,0.0,1,0,0,0,0,0,0,0,0,0,0,0,0,0,0,0,0,0,0,0,0,1
2024-12-05,1,11.1,4.3,2.1,6.8,70.0,2.1,1.0,1,0,0,0,0,0,0,0,0,0,0,0,0,0,0,0,0,0,0,1,0,0
2024-12-06,1,4.1,4.0,-2.4,0.6,38.0,1.9,0.0,1,0,0,0,0,0,0,0,0,0,0,0,0,0,0,1,0,0,0,0,0,0
2024-12-07,1,7.8,2.9,-0.6,3.4,53.0,1.3,0.0,1,0,0,0,0,0,0,0,0,0,0,0,0,0,1,0,0,1,0,0,0,0
2024-12-08,1,7.2,2.7,-0.6,3.3,75.0,1.3,2.0,1,0,0,0,0,0,0,0,0,0,0,0,0,0,1,0,0,0,1,0,0,0
2024-12-09,1,5.4,4.0,-0.9,2.8,64.0,2.2,2.0,1,0,0,0,0,0,0,0,0,0,0,0,0,0,0,0,1,0,0,0,0,0
2024-12-10,1,4.1,3.3,-2.8,0.1,46.0,1.5,0.0,1,0,0,0,0,0,0,0,0,0,0,0,0,0,0,0,0,0,0,0,1,0
2024-12-11,1,5.1,2.2,-3.5,0.6,41.0,1.2,0.0,1,0,0,0,0,0,0,0,0,0,0,0,0,0,0,0,0,0,0,0,0,1
2024-12-12,1,6.4,2.5,-1.4,3.0,44.0,1.2,0.0,1,0,0,0,0,0,0,0,0,0,0,0,0,0,0,0,0,0,0,1,0,0
2024-12-13,1,8.7,3.4,1.7,4.4,54.0,1.4,0.0,1,0,0,0,0,0,0,0,0,0,0,0,0,0,0,1,0,0,0,0,0,0
2024-12-14,1,1.7,2.9,-0.4,0.3,66.0,1.9,0.0,1,0,0,0,0,0,0,0,0,0,0,0,0,0,1,0,0,1,0,0,0,0
2024-12-15,1,0.0,4.0,-5.2,-3.3,39.0,2.3,0.0,1,0,0,0,0,0,0,0,0,0,0,0,0,0,1,0,0,0,1,0,0,0
2024-12-16,1,0.7,3.5,-6.5,-2.8,39.0,1.6,0.0,1,0,0,0,0,0,0,0,0,0,0,0,0,0,0,0,1,0,0,0,0,0
2024-12-17,1,7.8,2.0,-0.7,3.5,61.0,1.2,0.0,1,0,0,0,0,0,0,0,0,0,0,0,0,0,0,0,0,0,0,0,1,0
2024-12-18,1,8.6,2.1,3.8,6.2,68.0,1.0,0.0,1,0,0,0,0,0,0,0,0,0,0,0,0,0,0,0,0,0,0,0,0,1
2024-12-19,1,11.5,2.5,4.5,7.9,68.0,1.3,0.0,1,0,0,0,0,0,0,0,0,0,0,0,0,0,0,0,0,0,0,1,0,0
2024-12-20,1,13.7,2.0,5.9,8.9,68.0,0.9,0.0,1,0,0,0,0,0,0,0,0,0,0,0,0,0,0,1,0,0,0,0,0,0
2024-12-21,1,12.8,4.6,4.8,8.4,78.0,1.9,38.0,1,0,0,0,0,0,0,0,0,0,0,0,0,0,1,0,0,1,0,0,0,0
2024-12-22,1,12.6,4.4,3.4,6.7,91.0,2.7,23.0,1,0,0,0,0,0,0,0,0,0,0,0,0,0,1,0,0,0,1,0,0,0
2024-12-23,1,3.5,4.3,-2.9,-1.0,68.0,2.6,0.0,1,0,0,0,0,0,0,0,0,0,0,0,0,0,0,0,1,0,0,0,0,0
2024-12-24,1,1.4,2.6,-2.8,-1.0,63.0,1.4,0.0,1,0,0,0,0,0,0,0,0,0,0,0,0,0,0,0,0,0,0,0,1,0
2024-12-25,1,6.3,2.4,-2.4,2.0,72.0,1.2,0.0,1,0,0,0,0,0,0,0,0,0,0,0,0,0,0,0,0,0,0,0,0,1
2024-12-26,1,5.5,3.0,2.6,3.7,73.0,1.1,0.0,1,0,0,0,0,0,0,0,0,0,0,0,0,0,0,0,0,0,0,1,0,0
2024-12-27,1,3.2,5.0,-4.0,-0.7,54.0,2.3,0.5,1,0,0,0,0,0,0,0,0,0,0,0,0,0,0,1,0,0,0,0,0,0
2024-12-28,1,2.5,3.4,-5.7,-2.1,46.0,1.6,0.0,1,0,0,0,0,0,0,0,0,0,0,0,0,0,1,0,0,1,0,0,0,0
2024-12-29,1,-0.6,4.3,-5.0,-2.7,49.0,2.1,0.0,1,0,0,0,0,0,0,0,0,0,0,0,0,0,1,0,0,0,1,0,0,0
2024-12-30,1,1.6,2.3,-6.3,-2.1,49.0,1.3,0.0,1,0,0,0,0,0,0,0,0,0,0,0,0,0,0,0,1,0,0,0,0,0
2024-12-31,1,5.0,2.2,-1.8,1.6,66.0,1.2,0.0,1,0,0,0,0,0,0,0,0,0,0,0,0,0,0,0,0,0,0,0,1,0
2025-01-01,1,5.0,2.2,-1.8,1.6,66.0,1.2,0.0,1,0,0,0,0,0,0,0,0,0,0,0,0,0,0,0,0,0,0,0,0,1
