,date,category,sales_rate
0,2016-01-01,과자,1550
1,2016-01-02,라면,978
2,2016-01-03,맥주,466
3,2016-01-04,마스크,14
4,2016-01-05,면도기,21
5,2016-01-06,생리대,91
6,2016-01-01,생수,267
7,2016-01-01,숙취해소제,70
8,2016-01-01,스타킹,14
9,2016-01-01,아이스크림,641
10,2016-01-01,우산,7
11,2016-01-01,탄산음료,189
12,2016-01-02,과자,1458
13,2016-01-02,라면,1128
14,2016-01-02,아이스크림,289
15,2016-01-02,맥주,289
16,2016-01-02,면도기,14
17,2016-01-02,생리대,113
18,2016-01-02,생수,465
19,2016-01-02,숙취해소제,35
20,2016-01-02,스타킹,49
21,2016-01-02,탄산음료,77
22,2016-01-03,과자,1087
23,2016-01-03,라면,908
24,2016-01-03,마스크,28
25,2016-01-03,맥주,254
26,2016-01-03,면도기,21
27,2016-01-03,생리대,105
28,2016-01-03,생수,345
29,2016-01-03,스타킹,14
30,2016-01-03,아이스크림,627
31,2016-01-03,탄산음료,70
32,2016-01-03,숙취해소제,21
33,2016-01-04,과자,979
34,2016-01-04,맥주,303
35,2016-01-04,생수,366
36,2016-01-04,숙취해소제,77
37,2016-01-04,탄산음료,161
38,2016-01-04,라면,761
39,2016-01-04,마스크,14
40,2016-01-04,생리대,120
41,2016-01-04,스타킹,85
42,2016-01-04,아이스크림,267
43,2016-01-04,면도기,21
44,2016-01-05,과자,1198
45,2016-01-05,라면,866
46,2016-01-05,생수,295
47,2016-01-05,아이스크림,338
48,2016-01-05,마스크,7
49,2016-01-05,맥주,204
50,2016-01-05,면도기,14
51,2016-01-05,생리대,141
52,2016-01-05,숙취해소제,189
53,2016-01-05,스타킹,28
54,2016-01-05,탄산음료,148
55,2016-01-06,라면,1050
56,2016-01-06,숙취해소제,120
57,2016-01-06,과자,1346
58,2016-01-06,맥주,253
59,2016-01-06,면도기,7
60,2016-01-06,생리대,127
61,2016-01-06,생수,295
62,2016-01-06,스타킹,42
63,2016-01-06,아이스크림,253
64,2016-01-06,탄산음료,105
65,2016-01-07,과자,1211
66,2016-01-07,라면,1127
67,2016-01-07,맥주,297
68,2016-01-07,생리대,134
69,2016-01-07,생수,627
70,2016-01-07,숙취해소제,162
71,2016-01-07,스타킹,35
72,2016-01-07,아이스크림,211
73,2016-01-07,탄산음료,98
74,2016-01-07,면도기,7
75,2016-01-08,과자,1550
76,2016-01-08,라면,1494
77,2016-01-08,맥주,535
78,2016-01-08,생수,443
79,2016-01-08,마스크,7
80,2016-01-08,생리대,197
81,2016-01-08,숙취해소제,217
82,2016-01-08,스타킹,35
83,2016-01-08,아이스크림,408
84,2016-01-08,탄산음료,112
85,2016-01-08,면도기,7
86,2016-01-09,과자,1431
87,2016-01-09,라면,1199
88,2016-01-09,맥주,563
89,2016-01-09,면도기,35
90,2016-01-09,생리대,106
91,2016-01-09,생수,387
92,2016-01-09,숙취해소제,105
93,2016-01-09,스타킹,63
94,2016-01-09,아이스크림,522
95,2016-01-09,탄산음료,105
96,2016-01-09,마스크,35
97,2016-01-10,과자,1924
98,2016-01-10,라면,1135
99,2016-01-10,맥주,394
100,2016-01-10,아이스크림,627
101,2016-01-10,탄산음료,155
102,2016-01-10,면도기,14
103,2016-01-10,생리대,91
104,2016-01-10,생수,366
105,2016-01-10,숙취해소제,56
106,2016-01-10,스타킹,35
107,2016-01-11,라면,1185
108,2016-01-11,생리대,113
109,2016-01-11,생수,408
110,2016-01-11,과자,1226
111,2016-01-11,맥주,225
112,2016-01-11,숙취해소제,35
113,2016-01-11,스타킹,35
114,2016-01-11,아이스크림,338
115,2016-01-11,탄산음료,84
116,2016-01-11,마스크,7
117,2016-01-12,과자,1332
118,2016-01-12,라면,1346
119,2016-01-12,맥주,310
120,2016-01-12,생리대,119
121,2016-01-12,마스크,7
122,2016-01-12,면도기,7
123,2016-01-12,생수,388
124,2016-01-12,숙취해소제,289
125,2016-01-12,스타킹,98
126,2016-01-12,아이스크림,338
127,2016-01-12,탄산음료,140
128,2016-01-13,과자,1678
129,2016-01-13,라면,1296
130,2016-01-13,우산,14
131,2016-01-13,맥주,317
132,2016-01-13,생리대,98
133,2016-01-13,생수,401
134,2016-01-13,숙취해소제,98
135,2016-01-13,스타킹,28
136,2016-01-13,아이스크림,225
137,2016-01-13,탄산음료,105
138,2016-01-13,마스크,7
139,2016-01-14,과자,1339
140,2016-01-14,라면,1395
141,2016-01-14,마스크,7
142,2016-01-14,맥주,330
143,2016-01-14,면도기,21
144,2016-01-14,생리대,148
145,2016-01-14,생수,267
146,2016-01-14,숙취해소제,175
147,2016-01-14,스타킹,56
148,2016-01-14,아이스크림,331
149,2016-01-14,탄산음료,140
150,2016-01-14,우산,7
151,2016-01-15,과자,1698
152,2016-01-15,생수,233
153,2016-01-15,라면,1198
154,2016-01-15,맥주,386
155,2016-01-15,생리대,105
156,2016-01-15,숙취해소제,239
157,2016-01-15,스타킹,113
158,2016-01-15,아이스크림,330
159,2016-01-15,탄산음료,147
160,2016-01-15,면도기,7
161,2016-01-15,마스크,7
162,2016-01-16,과자,1543
163,2016-01-16,라면,1205
164,2016-01-16,생리대,112
165,2016-01-16,생수,415
166,2016-01-16,맥주,628
167,2016-01-16,면도기,21
168,2016-01-16,숙취해소제,147
169,2016-01-16,스타킹,28
170,2016-01-16,아이스크림,360
171,2016-01-16,탄산음료,169
172,2016-01-17,과자,1466
173,2016-01-17,라면,1091
174,2016-01-17,생수,360
175,2016-01-17,마스크,21
176,2016-01-17,맥주,324
177,2016-01-17,생리대,141
178,2016-01-17,숙취해소제,105
179,2016-01-17,스타킹,28
180,2016-01-17,아이스크림,401
181,2016-01-17,탄산음료,169
182,2016-01-18,과자,1184
183,2016-01-18,라면,1169
184,2016-01-18,맥주,310
185,2016-01-18,마스크,35
186,2016-01-18,면도기,14
187,2016-01-18,생리대,141
188,2016-01-18,생수,281
189,2016-01-18,숙취해소제,70
190,2016-01-18,스타킹,21
191,2016-01-18,아이스크림,268
192,2016-01-18,탄산음료,98
193,2016-01-19,과자,1240
194,2016-01-19,라면,1515
195,2016-01-19,맥주,225
196,2016-01-19,아이스크림,162
197,2016-01-19,마스크,14
198,2016-01-19,생리대,98
199,2016-01-19,생수,261
200,2016-01-19,숙취해소제,211
201,2016-01-19,스타킹,56
202,2016-01-19,탄산음료,112
203,2016-01-19,면도기,14
204,2016-01-20,과자,1783
205,2016-01-20,라면,1480
206,2016-01-20,마스크,21
207,2016-01-20,맥주,260
208,2016-01-20,면도기,21
209,2016-01-20,생리대,155
210,2016-01-20,생수,218
211,2016-01-20,숙취해소제,35
212,2016-01-20,스타킹,63
213,2016-01-20,아이스크림,310
214,2016-01-20,탄산음료,168
215,2016-01-21,라면,1339
216,2016-01-21,과자,1402
217,2016-01-21,마스크,28
218,2016-01-21,맥주,303
219,2016-01-21,생리대,183
220,2016-01-21,생수,359
221,2016-01-21,숙취해소제,147
222,2016-01-21,스타킹,42
223,2016-01-21,아이스크림,282
224,2016-01-21,탄산음료,133
225,2016-01-22,과자,1746
226,2016-01-22,라면,1678
227,2016-01-22,생수,528
228,2016-01-22,마스크,7
229,2016-01-22,맥주,380
230,2016-01-22,면도기,14
231,2016-01-22,생리대,148
232,2016-01-22,숙취해소제,84
233,2016-01-22,스타킹,49
234,2016-01-22,아이스크림,338
235,2016-01-22,탄산음료,77
236,2016-01-23,과자,1578
237,2016-01-23,라면,1487
238,2016-01-23,생수,282
239,2016-01-23,마스크,21
240,2016-01-23,맥주,318
241,2016-01-23,면도기,14
242,2016-01-23,생리대,91
243,2016-01-23,숙취해소제,56
244,2016-01-23,스타킹,28
245,2016-01-23,아이스크림,499
246,2016-01-23,탄산음료,127
247,2016-01-24,과자,1712
248,2016-01-24,라면,1311
249,2016-01-24,생수,168
250,2016-01-24,마스크,91
251,2016-01-24,맥주,387
252,2016-01-24,생리대,70
253,2016-01-24,스타킹,49
254,2016-01-24,아이스크림,289
255,2016-01-24,탄산음료,84
256,2016-01-24,숙취해소제,28
257,2016-01-24,면도기,7
258,2016-01-25,과자,1078
259,2016-01-25,라면,1409
260,2016-01-25,마스크,7
261,2016-01-25,맥주,289
262,2016-01-25,생리대,84
263,2016-01-25,생수,783
264,2016-01-25,숙취해소제,141
265,2016-01-25,스타킹,14
266,2016-01-25,아이스크림,373
267,2016-01-25,탄산음료,112
268,2016-01-26,과자,1346
269,2016-01-26,라면,1367
270,2016-01-26,면도기,35
271,2016-01-26,생리대,133
272,2016-01-26,아이스크림,640
273,2016-01-26,마스크,35
274,2016-01-26,맥주,317
275,2016-01-26,생수,514
276,2016-01-26,숙취해소제,204
277,2016-01-26,스타킹,14
278,2016-01-26,탄산음료,197
279,2016-01-27,라면,1311
280,2016-01-27,맥주,246
281,2016-01-27,생수,309
282,2016-01-27,과자,1409
283,2016-01-27,마스크,35
284,2016-01-27,면도기,14
285,2016-01-27,생리대,134
286,2016-01-27,숙취해소제,141
287,2016-01-27,스타킹,42
288,2016-01-27,아이스크림,317
289,2016-01-27,탄산음료,162
290,2016-01-28,과자,1508
291,2016-01-28,라면,1113
292,2016-01-28,마스크,21
293,2016-01-28,맥주,395
294,2016-01-28,생리대,176
295,2016-01-28,생수,2114
296,2016-01-28,숙취해소제,232
297,2016-01-28,스타킹,63
298,2016-01-28,아이스크림,408
299,2016-01-28,탄산음료,162
300,2016-01-28,면도기,21
301,2016-01-29,과자,1508
302,2016-01-29,라면,1092
303,2016-01-29,아이스크림,501
304,2016-01-29,탄산음료,183
305,2016-01-29,마스크,7
306,2016-01-29,맥주,416
307,2016-01-29,생리대,113
308,2016-01-29,생수,394
309,2016-01-29,숙취해소제,119
310,2016-01-29,스타킹,14
311,2016-01-30,과자,1629
312,2016-01-30,라면,1079
313,2016-01-30,맥주,402
314,2016-01-30,아이스크림,394
315,2016-01-30,탄산음료,182
316,2016-01-30,생리대,120
317,2016-01-30,생수,634
318,2016-01-30,숙취해소제,70
319,2016-01-30,스타킹,28
320,2016-01-30,면도기,14
321,2016-01-31,과자,1431
322,2016-01-31,라면,1007
323,2016-01-31,맥주,374
324,2016-01-31,면도기,21
325,2016-01-31,생리대,56
326,2016-01-31,생수,225
327,2016-01-31,숙취해소제,28
328,2016-01-31,스타킹,35
329,2016-01-31,아이스크림,402
330,2016-01-31,탄산음료,141
331,2016-02-01,과자,1142
332,2016-02-01,라면,1092
333,2016-02-01,생리대,113
334,2016-02-01,생수,261
335,2016-02-01,아이스크림,317
336,2016-02-01,마스크,28
337,2016-02-01,맥주,417
338,2016-02-01,면도기,35
339,2016-02-01,숙취해소제,134
340,2016-02-01,스타킹,77
341,2016-02-01,탄산음료,141
342,2016-02-02,과자,1268
343,2016-02-02,라면,1191
344,2016-02-02,생리대,106
345,2016-02-02,생수,288
346,2016-02-02,맥주,352
347,2016-02-02,숙취해소제,140
348,2016-02-02,스타킹,77
349,2016-02-02,아이스크림,211
350,2016-02-02,탄산음료,91
351,2016-02-02,면도기,21
352,2016-02-03,과자,1275
353,2016-02-03,라면,1191
354,2016-02-03,생리대,127
355,2016-02-03,생수,352
356,2016-02-03,맥주,479
357,2016-02-03,숙취해소제,112
358,2016-02-03,스타킹,42
359,2016-02-03,아이스크림,585
360,2016-02-03,탄산음료,112
361,2016-02-03,마스크,14
362,2016-02-04,과자,1290
363,2016-02-04,라면,1255
364,2016-02-04,생수,281
365,2016-02-04,마스크,56
366,2016-02-04,맥주,295
367,2016-02-04,생리대,98
368,2016-02-04,숙취해소제,261
369,2016-02-04,스타킹,63
370,2016-02-04,아이스크림,373
371,2016-02-04,탄산음료,91
372,2016-02-04,면도기,7
373,2016-02-05,과자,1232
374,2016-02-05,라면,1183
375,2016-02-05,맥주,324
376,2016-02-05,탄산음료,119
377,2016-02-05,생리대,113
378,2016-02-05,생수,197
379,2016-02-05,숙취해소제,162
380,2016-02-05,스타킹,35
381,2016-02-05,아이스크림,296
382,2016-02-06,과자,1359
383,2016-02-06,라면,1063
384,2016-02-06,맥주,345
385,2016-02-06,탄산음료,84
386,2016-02-06,면도기,21
387,2016-02-06,생리대,106
388,2016-02-06,생수,176
389,2016-02-06,숙취해소제,7
390,2016-02-06,스타킹,21
391,2016-02-06,아이스크림,126
392,2016-02-07,과자,1127
393,2016-02-07,라면,684
394,2016-02-07,맥주,401
395,2016-02-07,면도기,21
396,2016-02-07,아이스크림,359
397,2016-02-07,생리대,84
398,2016-02-07,생수,211
399,2016-02-07,숙취해소제,7
400,2016-02-07,스타킹,14
401,2016-02-07,탄산음료,77
402,2016-02-07,마스크,7
403,2016-02-08,과자,1465
404,2016-02-08,생리대,91
405,2016-02-08,생수,238
406,2016-02-08,아이스크림,302
407,2016-02-08,라면,535
408,2016-02-08,맥주,289
409,2016-02-08,스타킹,21
410,2016-02-08,탄산음료,70
411,2016-02-08,마스크,35
412,2016-02-08,숙취해소제,21
413,2016-02-08,면도기,7
414,2016-02-09,과자,1269
415,2016-02-09,라면,767
416,2016-02-09,마스크,70
417,2016-02-09,맥주,295
418,2016-02-09,생리대,113
419,2016-02-09,생수,507
420,2016-02-09,아이스크림,281
421,2016-02-09,탄산음료,105
422,2016-02-09,면도기,7
423,2016-02-09,숙취해소제,7
424,2016-02-09,스타킹,7
425,2016-02-10,과자,1064
426,2016-02-10,라면,838
427,2016-02-10,생수,331
428,2016-02-10,아이스크림,493
429,2016-02-10,마스크,28
430,2016-02-10,맥주,168
431,2016-02-10,생리대,77
432,2016-02-10,숙취해소제,28
433,2016-02-10,스타킹,28
434,2016-02-10,탄산음료,155
435,2016-02-10,면도기,7
436,2016-02-11,과자,818
437,2016-02-11,라면,789
438,2016-02-11,스타킹,28
439,2016-02-11,탄산음료,126
440,2016-02-11,맥주,232
441,2016-02-11,생리대,190
442,2016-02-11,생수,457
443,2016-02-11,숙취해소제,35
444,2016-02-11,아이스크림,339
445,2016-02-11,우산,77
446,2016-02-11,마스크,35
447,2016-02-12,과자,1233
448,2016-02-12,라면,1020
449,2016-02-12,생수,281
450,2016-02-12,맥주,190
451,2016-02-12,면도기,7
452,2016-02-12,생리대,70
453,2016-02-12,숙취해소제,330
454,2016-02-12,스타킹,56
455,2016-02-12,아이스크림,444
456,2016-02-12,우산,176
457,2016-02-12,탄산음료,154
458,2016-02-12,마스크,14
459,2016-02-13,과자,1205
460,2016-02-13,라면,846
461,2016-02-13,마스크,14
462,2016-02-13,맥주,282
463,2016-02-13,생수,281
464,2016-02-13,스타킹,49
465,2016-02-13,아이스크림,451
466,2016-02-13,우산,627
467,2016-02-13,생리대,84
468,2016-02-13,숙취해소제,28
469,2016-02-13,탄산음료,169
470,2016-02-14,과자,1177
471,2016-02-14,라면,887
472,2016-02-14,맥주,331
473,2016-02-14,생리대,141
474,2016-02-14,마스크,21
475,2016-02-14,생수,239
476,2016-02-14,숙취해소제,14
477,2016-02-14,스타킹,21
478,2016-02-14,아이스크림,289
479,2016-02-14,탄산음료,177
480,2016-02-14,면도기,7
481,2016-02-15,과자,1002
482,2016-02-15,라면,909
483,2016-02-15,맥주,274
484,2016-02-15,마스크,14
485,2016-02-15,생리대,127
486,2016-02-15,생수,472
487,2016-02-15,숙취해소제,21
488,2016-02-15,스타킹,42
489,2016-02-15,아이스크림,218
490,2016-02-15,탄산음료,119
491,2016-02-16,과자,1190
492,2016-02-16,라면,1120
493,2016-02-16,맥주,246
494,2016-02-16,생수,197
495,2016-02-16,마스크,7
496,2016-02-16,면도기,28
497,2016-02-16,생리대,126
498,2016-02-16,숙취해소제,148
499,2016-02-16,스타킹,42
500,2016-02-16,아이스크림,394
501,2016-02-16,우산,91
502,2016-02-16,탄산음료,148
503,2016-02-17,과자,1501
504,2016-02-17,맥주,367
505,2016-02-17,생수,366
506,2016-02-17,아이스크림,324
507,2016-02-17,탄산음료,140
508,2016-02-17,라면,1070
509,2016-02-17,면도기,35
510,2016-02-17,생리대,134
511,2016-02-17,숙취해소제,133
512,2016-02-17,스타킹,63
513,2016-02-17,마스크,14
514,2016-02-18,과자,1142
515,2016-02-18,라면,1134
516,2016-02-18,맥주,338
517,2016-02-18,생리대,148
518,2016-02-18,생수,309
519,2016-02-18,마스크,7
520,2016-02-18,면도기,21
521,2016-02-18,숙취해소제,203
522,2016-02-18,스타킹,56
523,2016-02-18,아이스크림,352
524,2016-02-18,탄산음료,91
525,2016-02-19,라면,1063
526,2016-02-19,과자,1247
527,2016-02-19,마스크,21
528,2016-02-19,맥주,365
529,2016-02-19,면도기,7
530,2016-02-19,생리대,155
531,2016-02-19,생수,296
532,2016-02-19,숙취해소제,170
533,2016-02-19,스타킹,49
534,2016-02-19,아이스크림,246
535,2016-02-19,탄산음료,91
536,2016-02-20,과자,1429
537,2016-02-20,라면,1128
538,2016-02-20,탄산음료,211
539,2016-02-20,맥주,577
540,2016-02-20,면도기,63
541,2016-02-20,생리대,141
542,2016-02-20,생수,500
543,2016-02-20,숙취해소제,56
,2016-02-20,스타킹,56
,2016-02-20,아이스크림,352
,2016-02-21,과자,1240
,2016-02-21,라면,1006
,2016-02-21,생리대,91
,2016-02-21,마스크,35
,2016-02-21,맥주,204
,2016-02-21,면도기,7
,2016-02-21,생수,247
,2016-02-21,숙취해소제,42
,2016-02-21,스타킹,42
,2016-02-21,아이스크림,240
,2016-02-21,탄산음료,140
,2016-02-22,라면,931
,2016-02-22,과자,1029
,2016-02-22,맥주,325
,2016-02-22,면도기,7
,2016-02-22,생리대,113
,2016-02-22,생수,479
,2016-02-22,숙취해소제,49
,2016-02-22,스타킹,35
,2016-02-22,아이스크림,344
,2016-02-22,탄산음료,126
,2016-02-22,우산,7
,2016-02-22,마스크,7
,2016-02-23,과자,1304
,2016-02-23,라면,1043
,2016-02-23,아이스크림,324
,2016-02-23,마스크,7
,2016-02-23,맥주,232
,2016-02-23,면도기,28
,2016-02-23,생리대,176
,2016-02-23,생수,267
,2016-02-23,숙취해소제,63
,2016-02-23,스타킹,35
,2016-02-23,탄산음료,112
,2016-02-24,과자,1536
,2016-02-24,라면,1014
,2016-02-24,마스크,28
,2016-02-24,생수,1141
,2016-02-24,탄산음료,91
,2016-02-24,맥주,332
,2016-02-24,생리대,113
,2016-02-24,숙취해소제,205
,2016-02-24,스타킹,42
,2016-02-24,아이스크림,337
,2016-02-24,면도기,14
,2016-02-25,과자,1430
,2016-02-25,라면,1043
,2016-02-25,맥주,267
,2016-02-25,생수,344
,2016-02-25,마스크,14
,2016-02-25,면도기,21
,2016-02-25,생리대,91
,2016-02-25,숙취해소제,119
,2016-02-25,스타킹,63
,2016-02-25,아이스크림,408
,2016-02-25,탄산음료,140
,2016-02-26,과자,1684
,2016-02-26,라면,1113
,2016-02-26,맥주,409
,2016-02-26,면도기,42
,2016-02-26,생리대,112
,2016-02-26,생수,458
,2016-02-26,숙취해소제,183
,2016-02-26,스타킹,42
,2016-02-26,아이스크림,373
,2016-02-26,탄산음료,140
,2016-02-27,과자,1481
,2016-02-27,라면,1037
,2016-02-27,생수,647
,2016-02-27,숙취해소제,162
,2016-02-27,마스크,42
,2016-02-27,맥주,387
,2016-02-27,생리대,91
,2016-02-27,스타킹,21
,2016-02-27,아이스크림,415
,2016-02-27,우산,7
,2016-02-27,탄산음료,218
,2016-02-28,과자,1831
,2016-02-28,라면,1163
,2016-02-28,생수,310
,2016-02-28,숙취해소제,91
,2016-02-28,아이스크림,606
,2016-02-28,우산,359
,2016-02-28,마스크,7
,2016-02-28,맥주,522
,2016-02-28,생리대,113
,2016-02-28,스타킹,42
,2016-02-28,탄산음료,49
,2016-02-29,라면,973
,2016-02-29,아이스크림,409
,2016-02-29,탄산음료,126
,2016-02-29,과자,1226
,2016-02-29,마스크,7
,2016-02-29,맥주,301
,2016-02-29,생리대,127
,2016-02-29,생수,232
,2016-02-29,숙취해소제,155
,2016-02-29,스타킹,35
,2016-02-29,면도기,7
,2016-03-01,과자,1134
,2016-03-01,라면,887
,2016-03-01,맥주,253
,2016-03-01,생리대,49
,2016-03-01,생수,379
,2016-03-01,면도기,35
,2016-03-01,스타킹,49
,2016-03-01,아이스크림,282
,2016-03-01,탄산음료,98
,2016-03-01,숙취해소제,21
,2016-03-01,마스크,21
,2016-03-02,과자,1234
,2016-03-02,라면,853
,2016-03-02,맥주,245
,2016-03-02,생수,212
,2016-03-02,아이스크림,486
,2016-03-02,탄산음료,168
,2016-03-02,생리대,113
,2016-03-02,숙취해소제,282
,2016-03-02,스타킹,63
,2016-03-02,면도기,7
,2016-03-03,라면,951
,2016-03-03,생수,549
,2016-03-03,숙취해소제,232
,2016-03-03,아이스크림,541
,2016-03-03,과자,1444
,2016-03-03,맥주,310
,2016-03-03,면도기,28
,2016-03-03,생리대,77
,2016-03-03,스타킹,49
,2016-03-03,탄산음료,176
,2016-03-04,과자,1218
,2016-03-04,라면,873
,2016-03-04,맥주,479
,2016-03-04,생리대,119
,2016-03-04,숙취해소제,197
,2016-03-04,마스크,7
,2016-03-04,생수,486
,2016-03-04,스타킹,92
,2016-03-04,아이스크림,1043
,2016-03-04,우산,63
,2016-03-04,탄산음료,303
,2016-03-04,면도기,28
,2016-03-05,과자,1389
,2016-03-05,라면,1184
,2016-03-05,생리대,98
,2016-03-05,생수,288
,2016-03-05,숙취해소제,126
,2016-03-05,아이스크림,606
,2016-03-05,우산,499
,2016-03-05,마스크,28
,2016-03-05,맥주,353
,2016-03-05,스타킹,42
,2016-03-05,탄산음료,162
,2016-03-05,면도기,14
,2016-03-06,과자,1367
,2016-03-06,맥주,281
,2016-03-06,생수,444
,2016-03-06,스타킹,35
,2016-03-06,아이스크림,585
,2016-03-06,라면,761
,2016-03-06,면도기,7
,2016-03-06,생리대,49
,2016-03-06,탄산음료,126
,2016-03-06,마스크,28
,2016-03-06,숙취해소제,56
,2016-03-07,과자,1070
,2016-03-07,라면,1191
,2016-03-07,스타킹,85
,2016-03-07,아이스크림,331
,2016-03-07,마스크,120
,2016-03-07,맥주,338
,2016-03-07,생리대,127
,2016-03-07,생수,366
,2016-03-07,숙취해소제,133
,2016-03-07,탄산음료,98
,2016-03-07,우산,28
,2016-03-08,과자,1303
,2016-03-08,라면,1064
,2016-03-08,맥주,274
,2016-03-08,스타킹,77
,2016-03-08,아이스크림,337
,2016-03-08,탄산음료,133
,2016-03-08,마스크,14
,2016-03-08,면도기,49
,2016-03-08,생리대,127
,2016-03-08,생수,218
,2016-03-08,숙취해소제,77
,2016-03-09,과자,1283
,2016-03-09,라면,747
,2016-03-09,맥주,268
,2016-03-09,생수,416
,2016-03-09,아이스크림,239
,2016-03-09,탄산음료,140
,2016-03-09,마스크,42
,2016-03-09,생리대,77
,2016-03-09,숙취해소제,225
,2016-03-09,스타킹,70
,2016-03-09,면도기,7
,2016-03-10,과자,1487
,2016-03-10,맥주,254
,2016-03-10,스타킹,42
,2016-03-10,아이스크림,429
,2016-03-10,라면,1100
,2016-03-10,마스크,14
,2016-03-10,생리대,169
,2016-03-10,생수,387
,2016-03-10,숙취해소제,119
,2016-03-10,탄산음료,105
,2016-03-11,과자,1395
,2016-03-11,라면,1261
,2016-03-11,아이스크림,372
,2016-03-11,탄산음료,154
,2016-03-11,마스크,14
,2016-03-11,맥주,543
,2016-03-11,생리대,77
,2016-03-11,생수,747
,2016-03-11,숙취해소제,197
,2016-03-11,스타킹,42
,2016-03-11,면도기,14
,2016-03-12,과자,1415
,2016-03-12,라면,1086
,2016-03-12,탄산음료,175
,2016-03-12,마스크,28
,2016-03-12,맥주,479
,2016-03-12,면도기,42
,2016-03-12,생리대,155
,2016-03-12,생수,564
,2016-03-12,숙취해소제,84
,2016-03-12,스타킹,92
,2016-03-12,아이스크림,374
,2016-03-13,과자,1458
,2016-03-13,라면,1198
,2016-03-13,맥주,444
,2016-03-13,스타킹,91
,2016-03-13,우산,42
,2016-03-13,마스크,35
,2016-03-13,생리대,120
,2016-03-13,생수,309
,2016-03-13,아이스크림,677
,2016-03-13,탄산음료,98
,2016-03-13,면도기,7
,2016-03-13,숙취해소제,7
,2016-03-14,과자,1275
,2016-03-14,라면,1007
,2016-03-14,맥주,247
,2016-03-14,생수,302
,2016-03-14,아이스크림,260
,2016-03-14,마스크,56
,2016-03-14,면도기,21
,2016-03-14,생리대,197
,2016-03-14,숙취해소제,98
,2016-03-14,스타킹,28
,2016-03-14,탄산음료,112
,2016-03-15,과자,1269
,2016-03-15,라면,1430
,2016-03-15,생수,492
,2016-03-15,아이스크림,507
,2016-03-15,마스크,14
,2016-03-15,맥주,239
,2016-03-15,생리대,113
,2016-03-15,숙취해소제,113
,2016-03-15,스타킹,91
,2016-03-15,탄산음료,140
,2016-03-15,면도기,7
,2016-03-16,과자,1282
,2016-03-16,라면,1030
,2016-03-16,맥주,359
,2016-03-16,생수,452
,2016-03-16,아이스크림,409
,2016-03-16,마스크,56
,2016-03-16,생리대,134
,2016-03-16,숙취해소제,56
,2016-03-16,스타킹,91
,2016-03-16,탄산음료,126
,2016-03-17,과자,1297
,2016-03-17,라면,1149
,2016-03-17,맥주,393
,2016-03-17,생수,500
,2016-03-17,마스크,7
,2016-03-17,생리대,113
,2016-03-17,숙취해소제,168
,2016-03-17,스타킹,77
,2016-03-17,아이스크림,472
,2016-03-17,탄산음료,168
,2016-03-17,면도기,14
,2016-03-18,과자,1416
,2016-03-18,라면,1325
,2016-03-18,스타킹,211
,2016-03-18,아이스크림,1001
,2016-03-18,탄산음료,226
,2016-03-18,마스크,7
,2016-03-18,맥주,621
,2016-03-18,면도기,21
,2016-03-18,생리대,148
,2016-03-18,생수,486
,2016-03-18,숙취해소제,168
,2016-03-19,과자,1473
,2016-03-19,라면,1077
,2016-03-19,생수,648
,2016-03-19,맥주,458
,2016-03-19,면도기,14
,2016-03-19,생리대,120
,2016-03-19,숙취해소제,21
,2016-03-19,스타킹,120
,2016-03-19,아이스크림,514
,2016-03-19,탄산음료,176
,2016-03-19,마스크,7
,2016-03-20,과자,1572
,2016-03-20,라면,1147
,2016-03-20,아이스크림,571
,2016-03-20,마스크,28
,2016-03-20,맥주,451
,2016-03-20,면도기,21
,2016-03-20,생리대,106
,2016-03-20,생수,380
,2016-03-20,스타킹,42
,2016-03-20,탄산음료,162
,2016-03-20,숙취해소제,14
,2016-03-20,우산,7
,2016-03-21,과자,1310
,2016-03-21,라면,873
,2016-03-21,마스크,35
,2016-03-21,생리대,91
,2016-03-21,생수,324
,2016-03-21,스타킹,197
,2016-03-21,아이스크림,310
,2016-03-21,맥주,358
,2016-03-21,면도기,21
,2016-03-21,숙취해소제,147
,2016-03-21,탄산음료,226
,2016-03-22,과자,1352
,2016-03-22,라면,867
,2016-03-22,맥주,204
,2016-03-22,생수,373
,2016-03-22,스타킹,148
,2016-03-22,아이스크림,535
,2016-03-22,탄산음료,140
,2016-03-22,마스크,7
,2016-03-22,면도기,42
,2016-03-22,생리대,155
,2016-03-22,숙취해소제,197
,2016-03-23,과자,1494
,2016-03-23,라면,1354
,2016-03-23,맥주,324
,2016-03-23,아이스크림,677
,2016-03-23,탄산음료,189
,2016-03-23,생리대,105
,2016-03-23,생수,591
,2016-03-23,숙취해소제,105
,2016-03-23,스타킹,106
,2016-03-23,우산,7
,2016-03-23,면도기,21
,2016-03-24,과자,1381
,2016-03-24,라면,1170
,2016-03-24,맥주,352
,2016-03-24,생수,486
,2016-03-24,스타킹,134
,2016-03-24,아이스크림,457
,2016-03-24,면도기,14
,2016-03-24,생리대,119
,2016-03-24,숙취해소제,161
,2016-03-24,탄산음료,289
,2016-03-25,과자,1402
,2016-03-25,라면,1022
,2016-03-25,맥주,409
,2016-03-25,면도기,21
,2016-03-25,생수,380
,2016-03-25,숙취해소제,126
,2016-03-25,스타킹,134
,2016-03-25,탄산음료,204
,2016-03-25,생리대,176
,2016-03-25,아이스크림,508
,2016-03-26,과자,1297
,2016-03-26,라면,1142
,2016-03-26,마스크,42
,2016-03-26,맥주,337
,2016-03-26,생수,493
,2016-03-26,숙취해소제,197
,2016-03-26,아이스크림,408
,2016-03-26,면도기,14
,2016-03-26,생리대,105
,2016-03-26,스타킹,56
,2016-03-26,탄산음료,246
,2016-03-27,과자,1683
,2016-03-27,라면,1057
,2016-03-27,맥주,381
,2016-03-27,생리대,112
,2016-03-27,스타킹,106
,2016-03-27,아이스크림,824
,2016-03-27,마스크,42
,2016-03-27,생수,373
,2016-03-27,숙취해소제,7
,2016-03-27,탄산음료,303
,2016-03-28,과자,1211
,2016-03-28,라면,1205
,2016-03-28,생리대,127
,2016-03-28,생수,507
,2016-03-28,스타킹,119
,2016-03-28,아이스크림,697
,2016-03-28,마스크,14
,2016-03-28,맥주,365
,2016-03-28,면도기,28
,2016-03-28,숙취해소제,98
,2016-03-28,탄산음료,147
,2016-03-29,과자,1649
,2016-03-29,라면,1071
,2016-03-29,맥주,373
,2016-03-29,아이스크림,613
,2016-03-29,탄산음료,176
,2016-03-29,생리대,134
,2016-03-29,생수,534
,2016-03-29,숙취해소제,183
,2016-03-29,스타킹,113
,2016-03-29,우산,91
,2016-03-29,면도기,14
,2016-03-29,마스크,7
,2016-03-30,과자,1860
,2016-03-30,라면,1472
,2016-03-30,맥주,366
,2016-03-30,스타킹,176
,2016-03-30,마스크,70
,2016-03-30,면도기,28
,2016-03-30,생리대,113
,2016-03-30,생수,423
,2016-03-30,숙취해소제,182
,2016-03-30,아이스크림,606
,2016-03-30,탄산음료,211
,2016-03-30,우산,7
,2016-03-31,과자,1317
,2016-03-31,라면,1487
,2016-03-31,맥주,302
,2016-03-31,생수,507
,2016-03-31,스타킹,176
,2016-03-31,아이스크림,1049
,2016-03-31,마스크,14
,2016-03-31,면도기,49
,2016-03-31,생리대,148
,2016-03-31,숙취해소제,219
,2016-03-31,탄산음료,339
,2016-04-01,과자,1226
,2016-04-01,라면,1275
,2016-04-01,생수,704
,2016-04-01,아이스크림,1134
,2016-04-01,탄산음료,492
,2016-04-01,맥주,415
,2016-04-01,면도기,28
,2016-04-01,생리대,162
,2016-04-01,숙취해소제,126
,2016-04-01,스타킹,162
,2016-04-01,마스크,7
,2016-04-02,과자,1649
,2016-04-02,라면,965
,2016-04-02,맥주,557
,2016-04-02,생리대,169
,2016-04-02,생수,825
,2016-04-02,아이스크림,887
,2016-04-02,마스크,49
,2016-04-02,숙취해소제,42
,2016-04-02,스타킹,148
,2016-04-02,탄산음료,303
,2016-04-02,면도기,14
,2016-04-03,과자,1824
,2016-04-03,라면,1028
,2016-04-03,아이스크림,423
,2016-04-03,우산,338
,2016-04-03,마스크,56
,2016-04-03,맥주,339
,2016-04-03,면도기,14
,2016-04-03,생리대,112
,2016-04-03,생수,183
,2016-04-03,숙취해소제,77
,2016-04-03,스타킹,84
,2016-04-03,탄산음료,233
,2016-04-04,과자,1078
,2016-04-04,라면,1015
,2016-04-04,마스크,14
,2016-04-04,맥주,281
,2016-04-04,생리대,141
,2016-04-04,생수,557
,2016-04-04,아이스크림,740
,2016-04-04,숙취해소제,77
,2016-04-04,스타킹,176
,2016-04-04,탄산음료,175
,2016-04-04,면도기,14
,2016-04-05,과자,1261
,2016-04-05,생수,365
,2016-04-05,스타킹,218
,2016-04-05,아이스크림,1141
,2016-04-05,라면,1177
,2016-04-05,맥주,332
,2016-04-05,생리대,169
,2016-04-05,숙취해소제,70
,2016-04-05,탄산음료,254
,2016-04-05,면도기,7
,2016-04-05,마스크,7
,2016-04-06,과자,1403
,2016-04-06,라면,994
,2016-04-06,맥주,536
,2016-04-06,생수,564
,2016-04-06,탄산음료,233
,2016-04-06,마스크,14
,2016-04-06,면도기,14
,2016-04-06,생리대,105
,2016-04-06,숙취해소제,154
,2016-04-06,스타킹,162
,2016-04-06,아이스크림,1078
,2016-04-06,우산,527
,2016-04-07,과자,1593
,2016-04-07,라면,1417
,2016-04-07,생수,578
,2016-04-07,스타킹,169
,2016-04-07,아이스크림,902
,2016-04-07,맥주,239
,2016-04-07,면도기,7
,2016-04-07,생리대,197
,2016-04-07,숙취해소제,246
,2016-04-07,우산,49
,2016-04-07,탄산음료,218
,2016-04-07,마스크,7
,2016-04-08,과자,1882
,2016-04-08,라면,1241
,2016-04-08,맥주,458
,2016-04-08,숙취해소제,169
,2016-04-08,스타킹,141
,2016-04-08,아이스크림,1205
,2016-04-08,마스크,42
,2016-04-08,면도기,28
,2016-04-08,생리대,113
,2016-04-08,생수,550
,2016-04-08,탄산음료,239
,2016-04-09,과자,1474
,2016-04-09,라면,1057
,2016-04-09,마스크,239
,2016-04-09,맥주,479
,2016-04-09,생리대,141
,2016-04-09,생수,613
,2016-04-09,탄산음료,247
,2016-04-09,숙취해소제,84
,2016-04-09,스타킹,70
,2016-04-09,아이스크림,648
,2016-04-09,우산,7
,2016-04-09,면도기,14
,2016-04-10,과자,1352
,2016-04-10,라면,887
,2016-04-10,맥주,401
,2016-04-10,마스크,168
,2016-04-10,면도기,14
,2016-04-10,생리대,106
,2016-04-10,생수,345
,2016-04-10,숙취해소제,56
,2016-04-10,스타킹,56
,2016-04-10,아이스크림,1008
,2016-04-10,우산,14
,2016-04-10,탄산음료,288
,2016-04-11,과자,1311
,2016-04-11,라면,1198
,2016-04-11,마스크,28
,2016-04-11,탄산음료,289
,2016-04-11,맥주,282
,2016-04-11,면도기,7
,2016-04-11,생리대,120
,2016-04-11,생수,592
,2016-04-11,숙취해소제,105
,2016-04-11,스타킹,190
,2016-04-11,아이스크림,783
,2016-04-12,과자,1423
,2016-04-12,라면,1078
,2016-04-12,맥주,437
,2016-04-12,생수,478
,2016-04-12,아이스크림,909
,2016-04-12,탄산음료,169
,2016-04-12,면도기,21
,2016-04-12,생리대,127
,2016-04-12,숙취해소제,154
,2016-04-12,스타킹,127
,2016-04-12,마스크,14
,2016-04-12,우산,7
,2016-04-13,과자,1269
,2016-04-13,라면,994
,2016-04-13,생수,408
,2016-04-13,아이스크림,760
,2016-04-13,마스크,21
,2016-04-13,맥주,471
,2016-04-13,면도기,7
,2016-04-13,생리대,77
,2016-04-13,숙취해소제,98
,2016-04-13,스타킹,28
,2016-04-13,우산,49
,2016-04-13,탄산음료,161
,2016-04-14,과자,1374
,2016-04-14,라면,929
,2016-04-14,숙취해소제,70
,2016-04-14,마스크,28
,2016-04-14,맥주,465
,2016-04-14,생리대,162
,2016-04-14,생수,578
,2016-04-14,스타킹,134
,2016-04-14,아이스크림,627
,2016-04-14,탄산음료,182
,2016-04-15,과자,1839
,2016-04-15,라면,1000
,2016-04-15,스타킹,155
,2016-04-15,아이스크림,987
,2016-04-15,탄산음료,239
,2016-04-15,마스크,7
,2016-04-15,맥주,720
,2016-04-15,면도기,28
,2016-04-15,생리대,162
,2016-04-15,생수,901
,2016-04-15,숙취해소제,352
,2016-04-15,우산,7
,2016-04-16,과자,1368
,2016-04-16,라면,1022
,2016-04-16,생수,402
,2016-04-16,스타킹,35
,2016-04-16,아이스크림,980
,2016-04-16,우산,508
,2016-04-16,마스크,7
,2016-04-16,맥주,359
,2016-04-16,생리대,42
,2016-04-16,숙취해소제,98
,2016-04-16,탄산음료,225
,2016-04-16,면도기,14
,2016-04-17,과자,1585
,2016-04-17,라면,1254
,2016-04-17,아이스크림,818
,2016-04-17,마스크,7
,2016-04-17,맥주,169
,2016-04-17,면도기,14
,2016-04-17,생리대,113
,2016-04-17,생수,416
,2016-04-17,숙취해소제,21
,2016-04-17,스타킹,70
,2016-04-17,우산,21
,2016-04-17,탄산음료,183
,2016-04-18,과자,1339
,2016-04-18,라면,1091
,2016-04-18,생리대,148
,2016-04-18,생수,402
,2016-04-18,스타킹,204
,2016-04-18,아이스크림,854
,2016-04-18,우산,457
,2016-04-18,탄산음료,218
,2016-04-18,마스크,28
,2016-04-18,맥주,211
,2016-04-18,숙취해소제,183
,2016-04-19,과자,1487
,2016-04-19,라면,1057
,2016-04-19,생수,563
,2016-04-19,스타킹,190
,2016-04-19,아이스크림,880
,2016-04-19,탄산음료,260
,2016-04-19,마스크,21
,2016-04-19,맥주,352
,2016-04-19,면도기,21
,2016-04-19,생리대,70
,2016-04-19,숙취해소제,98
,2016-04-20,과자,1620
,2016-04-20,라면,1324
,2016-04-20,생수,549
,2016-04-20,아이스크림,655
,2016-04-20,마스크,7
,2016-04-20,맥주,366
,2016-04-20,생리대,155
,2016-04-20,숙취해소제,112
,2016-04-20,스타킹,176
,2016-04-20,우산,316
,2016-04-20,탄산음료,331
,2016-04-21,과자,1318
,2016-04-21,라면,1163
,2016-04-21,맥주,381
,2016-04-21,마스크,7
,2016-04-21,생리대,127
,2016-04-21,생수,873
,2016-04-21,숙취해소제,133
,2016-04-21,스타킹,141
,2016-04-21,아이스크림,550
,2016-04-21,우산,56
,2016-04-21,탄산음료,296
,2016-04-21,면도기,14
,2016-04-22,과자,1945
,2016-04-22,라면,1431
,2016-04-22,맥주,444
,2016-04-22,스타킹,225
,2016-04-22,아이스크림,980
,2016-04-22,마스크,77
,2016-04-22,면도기,28
,2016-04-22,생리대,126
,2016-04-22,생수,542
,2016-04-22,숙취해소제,133
,2016-04-22,우산,56
,2016-04-22,탄산음료,267
,2016-04-23,과자,1585
,2016-04-23,라면,1247
,2016-04-23,맥주,352
,2016-04-23,생수,677
,2016-04-23,스타킹,105
,2016-04-23,아이스크림,844
,2016-04-23,마스크,190
,2016-04-23,면도기,28
,2016-04-23,생리대,134
,2016-04-23,숙취해소제,112
,2016-04-23,우산,7
,2016-04-23,탄산음료,352
,2016-04-24,과자,1521
,2016-04-24,라면,818
,2016-04-24,마스크,155
,2016-04-24,생리대,253
,2016-04-24,생수,649
,2016-04-24,아이스크림,1176
,2016-04-24,맥주,316
,2016-04-24,숙취해소제,49
,2016-04-24,스타킹,77
,2016-04-24,탄산음료,267
,2016-04-25,과자,1416
,2016-04-25,라면,951
,2016-04-25,아이스크림,1141
,2016-04-25,탄산음료,303
,2016-04-25,마스크,120
,2016-04-25,맥주,373
,2016-04-25,생리대,120
,2016-04-25,생수,753
,2016-04-25,숙취해소제,154
,2016-04-25,스타킹,141
,2016-04-25,면도기,14
,2016-04-26,라면,938
,2016-04-26,마스크,28
,2016-04-26,생수,1191
,2016-04-26,스타킹,190
,2016-04-26,탄산음료,246
,2016-04-26,과자,1346
,2016-04-26,맥주,725
,2016-04-26,면도기,21
,2016-04-26,생리대,183
,2016-04-26,숙취해소제,247
,2016-04-26,아이스크림,1994
,2016-04-27,과자,1824
,2016-04-27,맥주,344
,2016-04-27,생리대,169
,2016-04-27,생수,521
,2016-04-27,아이스크림,923
,2016-04-27,라면,1092
,2016-04-27,마스크,7
,2016-04-27,숙취해소제,176
,2016-04-27,스타킹,134
,2016-04-27,탄산음료,338
,2016-04-27,면도기,7
,2016-04-28,과자,1176
,2016-04-28,라면,909
,2016-04-28,맥주,387
,2016-04-28,생수,894
,2016-04-28,스타킹,197
,2016-04-28,아이스크림,1092
,2016-04-28,탄산음료,345
,2016-04-28,마스크,14
,2016-04-28,면도기,28
,2016-04-28,생리대,133
,2016-04-28,숙취해소제,240
,2016-04-29,과자,1642
,2016-04-29,라면,1211
,2016-04-29,맥주,585
,2016-04-29,생리대,148
,2016-04-29,생수,859
,2016-04-29,숙취해소제,162
,2016-04-29,스타킹,169
,2016-04-29,마스크,49
,2016-04-29,아이스크림,1310
,2016-04-29,탄산음료,331
,2016-04-29,면도기,7
,2016-04-29,우산,7
,2016-04-30,과자,1495
,2016-04-30,라면,1135
,2016-04-30,맥주,388
,2016-04-30,생리대,169
,2016-04-30,스타킹,63
,2016-04-30,마스크,84
,2016-04-30,생수,579
,2016-04-30,숙취해소제,70
,2016-04-30,아이스크림,760
,2016-04-30,우산,7
,2016-04-30,탄산음료,289
,2016-05-01,과자,1740
,2016-05-01,라면,1171
,2016-05-01,생리대,91
,2016-05-01,스타킹,63
,2016-05-01,아이스크림,1063
,2016-05-01,마스크,35
,2016-05-01,맥주,642
,2016-05-01,생수,859
,2016-05-01,숙취해소제,84
,2016-05-01,탄산음료,303
,2016-05-01,우산,7
,2016-05-01,면도기,28
,2016-05-02,과자,1148
,2016-05-02,라면,909
,2016-05-02,맥주,464
,2016-05-02,생수,938
,2016-05-02,아이스크림,1515
,2016-05-02,우산,606
,2016-05-02,탄산음료,337
,2016-05-02,생리대,106
,2016-05-02,숙취해소제,56
,2016-05-02,스타킹,63
,2016-05-03,과자,1620
,2016-05-03,라면,1493
,2016-05-03,생리대,126
,2016-05-03,아이스크림,619
,2016-05-03,마스크,14
,2016-05-03,맥주,302
,2016-05-03,면도기,21
,2016-05-03,생수,422
,2016-05-03,숙취해소제,126
,2016-05-03,스타킹,120
,2016-05-03,우산,211
,2016-05-03,탄산음료,168
,2016-05-04,과자,1662
,2016-05-04,라면,1255
,2016-05-04,맥주,444
,2016-05-04,생리대,169
,2016-05-04,생수,507
,2016-05-04,아이스크림,1107
,2016-05-04,탄산음료,337
,2016-05-04,마스크,28
,2016-05-04,면도기,21
,2016-05-04,숙취해소제,196
,2016-05-04,스타킹,176
,2016-05-05,과자,1507
,2016-05-05,라면,1170
,2016-05-05,아이스크림,1121
,2016-05-05,우산,606
,2016-05-05,맥주,543
,2016-05-05,생리대,98
,2016-05-05,생수,951
,2016-05-05,숙취해소제,112
,2016-05-05,스타킹,42
,2016-05-05,탄산음료,549
,2016-05-05,마스크,21
,2016-05-05,면도기,7
,2016-05-06,과자,1212
,2016-05-06,라면,1057
,2016-05-06,생수,409
,2016-05-06,맥주,337
,2016-05-06,생리대,127
,2016-05-06,숙취해소제,56
,2016-05-06,스타킹,49
,2016-05-06,아이스크림,606
,2016-05-06,우산,267
,2016-05-06,탄산음료,182
,2016-05-06,마스크,7
,2016-05-06,면도기,14
,2016-05-07,과자,1275
,2016-05-07,라면,1065
,2016-05-07,마스크,70
,2016-05-07,맥주,345
,2016-05-07,생수,677
,2016-05-07,스타킹,84
,2016-05-07,아이스크림,895
,2016-05-07,탄산음료,317
,2016-05-07,면도기,21
,2016-05-07,생리대,197
,2016-05-07,숙취해소제,134
,2016-05-08,과자,1543
,2016-05-08,라면,775
,2016-05-08,맥주,302
,2016-05-08,생리대,70
,2016-05-08,생수,437
,2016-05-08,아이스크림,1502
,2016-05-08,탄산음료,267
,2016-05-08,마스크,14
,2016-05-08,면도기,7
,2016-05-08,숙취해소제,42
,2016-05-08,스타킹,56
,2016-05-09,과자,1170
,2016-05-09,라면,1177
,2016-05-09,마스크,21
,2016-05-09,생수,400
,2016-05-09,스타킹,162
,2016-05-09,아이스크림,1008
,2016-05-09,탄산음료,190
,2016-05-09,맥주,451
,2016-05-09,면도기,14
,2016-05-09,생리대,134
,2016-05-09,숙취해소제,120
,2016-05-09,우산,7
,2016-05-10,과자,1410
,2016-05-10,라면,1177
,2016-05-10,마스크,14
,2016-05-10,생리대,98
,2016-05-10,생수,373
,2016-05-10,아이스크림,641
,2016-05-10,우산,140
,2016-05-10,맥주,288
,2016-05-10,숙취해소제,63
,2016-05-10,스타킹,134
,2016-05-10,탄산음료,147
,2016-05-10,면도기,42
,2016-05-11,과자,1310
,2016-05-11,라면,1084
,2016-05-11,마스크,7
,2016-05-11,맥주,394
,2016-05-11,아이스크림,895
,2016-05-11,면도기,21
,2016-05-11,생리대,112
,2016-05-11,생수,513
,2016-05-11,숙취해소제,147
,2016-05-11,스타킹,91
,2016-05-11,탄산음료,247
,2016-05-11,우산,7
,2016-05-12,과자,1091
,2016-05-12,라면,945
,2016-05-12,맥주,402
,2016-05-12,생수,400
,2016-05-12,스타킹,211
,2016-05-12,마스크,42
,2016-05-12,생리대,148
,2016-05-12,숙취해소제,211
,2016-05-12,아이스크림,1614
,2016-05-12,탄산음료,247
,2016-05-12,면도기,14
,2016-05-13,과자,1542
,2016-05-13,라면,916
,2016-05-13,맥주,556
,2016-05-13,생수,613
,2016-05-13,아이스크림,1423
,2016-05-13,탄산음료,345
,2016-05-13,생리대,169
,2016-05-13,숙취해소제,112
,2016-05-13,스타킹,169
,2016-05-13,우산,63
,2016-05-13,면도기,7
,2016-05-14,과자,1564
,2016-05-14,라면,1043
,2016-05-14,생수,1071
,2016-05-14,아이스크림,1296
,2016-05-14,탄산음료,542
,2016-05-14,마스크,21
,2016-05-14,맥주,452
,2016-05-14,면도기,14
,2016-05-14,생리대,106
,2016-05-14,숙취해소제,106
,2016-05-14,스타킹,70
,2016-05-15,과자,1220
,2016-05-15,라면,1042
,2016-05-15,맥주,359
,2016-05-15,아이스크림,429
,2016-05-15,우산,712
,2016-05-15,생리대,77
,2016-05-15,생수,274
,2016-05-15,스타킹,21
,2016-05-15,탄산음료,233
,2016-05-15,숙취해소제,21
,2016-05-16,과자,1092
,2016-05-16,라면,1086
,2016-05-16,생리대,197
,2016-05-16,마스크,14
,2016-05-16,맥주,366
,2016-05-16,생수,585
,2016-05-16,숙취해소제,126
,2016-05-16,스타킹,127
,2016-05-16,아이스크림,698
,2016-05-16,탄산음료,282
,2016-05-16,면도기,7
,2016-05-17,과자,1262
,2016-05-17,라면,881
,2016-05-17,면도기,21
,2016-05-17,생리대,155
,2016-05-17,생수,1282
,2016-05-17,아이스크림,1437
,2016-05-17,탄산음료,289
,2016-05-17,마스크,7
,2016-05-17,맥주,465
,2016-05-17,숙취해소제,189
,2016-05-17,스타킹,134
,2016-05-18,과자,1290
,2016-05-18,라면,986
,2016-05-18,아이스크림,1635
,2016-05-18,탄산음료,401
,2016-05-18,맥주,458
,2016-05-18,면도기,14
,2016-05-18,생리대,134
,2016-05-18,생수,733
,2016-05-18,숙취해소제,119
,2016-05-18,스타킹,98
,2016-05-19,과자,1185
,2016-05-19,라면,1086
,2016-05-19,맥주,627
,2016-05-19,생수,753
,2016-05-19,숙취해소제,226
,2016-05-19,아이스크림,1924
,2016-05-19,탄산음료,471
,2016-05-19,생리대,183
,2016-05-19,스타킹,99
,2016-05-19,면도기,21
,2016-05-20,과자,1269
,2016-05-20,라면,1008
,2016-05-20,맥주,641
,2016-05-20,생리대,176
,2016-05-20,생수,938
,2016-05-20,아이스크림,2086
,2016-05-20,탄산음료,656
,2016-05-20,숙취해소제,198
,2016-05-20,스타킹,127
,2016-05-20,마스크,14
,2016-05-20,우산,7
,2016-05-21,라면,1001
,2016-05-21,마스크,7
,2016-05-21,맥주,1114
,2016-05-21,생수,1163
,2016-05-21,숙취해소제,91
,2016-05-21,아이스크림,1854
,2016-05-21,탄산음료,535
,2016-05-21,과자,1896
,2016-05-21,생리대,169
,2016-05-21,스타킹,84
,2016-05-21,면도기,14
,2016-05-22,과자,1262
,2016-05-22,라면,1016
,2016-05-22,맥주,592
,2016-05-22,생수,607
,2016-05-22,아이스크림,2029
,2016-05-22,생리대,126
,2016-05-22,숙취해소제,56
,2016-05-22,스타킹,28
,2016-05-22,탄산음료,422
,2016-05-22,우산,7
,2016-05-23,과자,1176
,2016-05-23,라면,902
,2016-05-23,맥주,542
,2016-05-23,생수,507
,2016-05-23,아이스크림,1690
,2016-05-23,우산,56
,2016-05-23,마스크,14
,2016-05-23,면도기,21
,2016-05-23,생리대,141
,2016-05-23,숙취해소제,63
,2016-05-23,스타킹,99
,2016-05-23,탄산음료,274
,2016-05-24,과자,1281
,2016-05-24,라면,1155
,2016-05-24,맥주,332
,2016-05-24,생리대,112
,2016-05-24,스타킹,155
,2016-05-24,아이스크림,492
,2016-05-24,생수,535
,2016-05-24,숙취해소제,189
,2016-05-24,우산,140
,2016-05-24,탄산음료,309
,2016-05-24,면도기,14
,2016-05-25,과자,1388
,2016-05-25,라면,1043
,2016-05-25,생리대,169
,2016-05-25,생수,471
,2016-05-25,아이스크림,1007
,2016-05-25,탄산음료,436
,2016-05-25,마스크,21
,2016-05-25,맥주,514
,2016-05-25,숙취해소제,176
,2016-05-25,스타킹,91
,2016-05-25,면도기,7
,2016-05-26,과자,1353
,2016-05-26,라면,1361
,2016-05-26,생리대,77
,2016-05-26,생수,430
,2016-05-26,아이스크림,767
,2016-05-26,우산,70
,2016-05-26,마스크,84
,2016-05-26,맥주,401
,2016-05-26,숙취해소제,289
,2016-05-26,스타킹,84
,2016-05-26,탄산음료,232
,2016-05-26,면도기,21
,2016-05-27,과자,1107
,2016-05-27,라면,1212
,2016-05-27,생수,1015
,2016-05-27,아이스크림,1422
,2016-05-27,탄산음료,310
,2016-05-27,마스크,49
,2016-05-27,맥주,585
,2016-05-27,면도기,21
,2016-05-27,생리대,183
,2016-05-27,숙취해소제,197
,2016-05-27,스타킹,105
,2016-05-28,과자,1697
,2016-05-28,라면,1212
,2016-05-28,맥주,775
,2016-05-28,생수,1198
,2016-05-28,아이스크림,1930
,2016-05-28,탄산음료,457
,2016-05-28,마스크,42
,2016-05-28,생리대,113
,2016-05-28,숙취해소제,197
,2016-05-28,스타킹,70
,2016-05-29,과자,1296
,2016-05-29,라면,902
,2016-05-29,맥주,592
,2016-05-29,생리대,70
,2016-05-29,아이스크림,1190
,2016-05-29,탄산음료,331
,2016-05-29,마스크,21
,2016-05-29,면도기,35
,2016-05-29,생수,599
,2016-05-29,숙취해소제,119
,2016-05-29,스타킹,70
,2016-05-30,과자,1226
,2016-05-30,라면,1085
,2016-05-30,맥주,522
,2016-05-30,생수,607
,2016-05-30,마스크,14
,2016-05-30,면도기,21
,2016-05-30,생리대,84
,2016-05-30,숙취해소제,70
,2016-05-30,스타킹,120
,2016-05-30,아이스크림,1015
,2016-05-30,탄산음료,240
,2016-05-31,과자,1550
,2016-05-31,라면,1015
,2016-05-31,아이스크림,1381
,2016-05-31,마스크,7
,2016-05-31,맥주,522
,2016-05-31,면도기,49
,2016-05-31,생리대,155
,2016-05-31,생수,494
,2016-05-31,숙취해소제,63
,2016-05-31,스타킹,106
,2016-05-31,탄산음료,394
,2016-06-01,과자,825
,2016-06-01,라면,1000
,2016-06-01,맥주,310
,2016-06-01,생리대,183
,2016-06-01,생수,436
,2016-06-01,아이스크림,1599
,2016-06-01,마스크,21
,2016-06-01,숙취해소제,134
,2016-06-01,스타킹,148
,2016-06-01,우산,7
,2016-06-01,탄산음료,268
,2016-06-01,면도기,7
,2016-06-02,과자,1515
,2016-06-02,라면,1141
,2016-06-02,생리대,141
,2016-06-02,아이스크림,1901
,2016-06-02,탄산음료,401
,2016-06-02,맥주,421
,2016-06-02,면도기,35
,2016-06-02,생수,733
,2016-06-02,숙취해소제,211
,2016-06-02,스타킹,98
,2016-06-02,마스크,14
,2016-06-03,과자,1459
,2016-06-03,라면,860
,2016-06-03,맥주,522
,2016-06-03,아이스크림,1283
,2016-06-03,탄산음료,310
,2016-06-03,생리대,119
,2016-06-03,생수,845
,2016-06-03,숙취해소제,203
,2016-06-03,스타킹,63
,2016-06-04,과자,1530
,2016-06-04,라면,1099
,2016-06-04,맥주,691
,2016-06-04,생리대,120
,2016-06-04,생수,888
,2016-06-04,스타킹,49
,2016-06-04,탄산음료,261
,2016-06-04,면도기,7
,2016-06-04,숙취해소제,126
,2016-06-04,아이스크림,1218
,2016-06-05,과자,1769
,2016-06-05,라면,1100
,2016-06-05,맥주,755
,2016-06-05,생리대,105
,2016-06-05,아이스크림,1685
,2016-06-05,탄산음료,338
,2016-06-05,면도기,14
,2016-06-05,생수,1007
,2016-06-05,숙취해소제,42
,2016-06-05,스타킹,7
,2016-06-06,과자,1438
,2016-06-06,라면,1113
,2016-06-06,맥주,380
,2016-06-06,아이스크림,1332
,2016-06-06,탄산음료,232
,2016-06-06,생리대,63
,2016-06-06,생수,1028
,2016-06-06,스타킹,21
,2016-06-06,우산,35
,2016-06-06,면도기,7
,2016-06-06,숙취해소제,14
,2016-06-07,과자,1409
,2016-06-07,라면,1071
,2016-06-07,아이스크림,1310
,2016-06-07,탄산음료,211
,2016-06-07,맥주,325
,2016-06-07,면도기,14
,2016-06-07,생리대,127
,2016-06-07,생수,358
,2016-06-07,숙취해소제,112
,2016-06-07,스타킹,70
,2016-06-07,우산,28
,2016-06-08,과자,1564
,2016-06-08,라면,1043
,2016-06-08,맥주,522
,2016-06-08,생리대,204
,2016-06-08,아이스크림,1818
,2016-06-08,탄산음료,253
,2016-06-08,생수,1106
,2016-06-08,숙취해소제,133
,2016-06-08,스타킹,56
,2016-06-09,과자,1325
,2016-06-09,라면,1121
,2016-06-09,맥주,543
,2016-06-09,아이스크림,1720
,2016-06-09,탄산음료,154
,2016-06-09,마스크,7
,2016-06-09,생리대,127
,2016-06-09,생수,1212
,2016-06-09,숙취해소제,190
,2016-06-09,스타킹,70
,2016-06-09,면도기,7
,2016-06-10,과자,1423
,2016-06-10,라면,1142
,2016-06-10,아이스크림,1945
,2016-06-10,탄산음료,360
,2016-06-10,맥주,550
,2016-06-10,생리대,155
,2016-06-10,생수,697
,2016-06-10,숙취해소제,176
,2016-06-10,스타킹,28
,2016-06-10,면도기,7
,2016-06-11,과자,2051
,2016-06-11,라면,1458
,2016-06-11,맥주,514
,2016-06-11,생수,1001
,2016-06-11,아이스크림,1317
,2016-06-11,탄산음료,394
,2016-06-11,생리대,162
,2016-06-11,숙취해소제,98
,2016-06-11,스타킹,49
,2016-06-11,우산,578
,2016-06-11,면도기,14
,2016-06-11,마스크,7
,2016-06-12,과자,1882
,2016-06-12,라면,1382
,2016-06-12,맥주,464
,2016-06-12,생리대,133
,2016-06-12,아이스크림,1352
,2016-06-12,생수,550
,2016-06-12,숙취해소제,70
,2016-06-12,스타킹,42
,2016-06-12,우산,14
,2016-06-12,탄산음료,247
,2016-06-12,면도기,21
,2016-06-13,라면,853
,2016-06-13,마스크,35
,2016-06-13,맥주,344
,2016-06-13,생수,753
,2016-06-13,스타킹,49
,2016-06-13,탄산음료,218
,2016-06-13,과자,1142
,2016-06-13,생리대,176
,2016-06-13,숙취해소제,91
,2016-06-13,아이스크림,1381
,2016-06-14,과자,1345
,2016-06-14,라면,1303
,2016-06-14,스타킹,63
,2016-06-14,아이스크림,1345
,2016-06-14,탄산음료,182
,2016-06-14,맥주,296
,2016-06-14,생리대,148
,2016-06-14,생수,535
,2016-06-14,숙취해소제,239
,2016-06-14,우산,225
,2016-06-14,면도기,7
,2016-06-15,과자,1543
,2016-06-15,라면,1023
,2016-06-15,생리대,112
,2016-06-15,생수,542
,2016-06-15,아이스크림,994
,2016-06-15,우산,563
,2016-06-15,탄산음료,253
,2016-06-15,맥주,408
,2016-06-15,면도기,14
,2016-06-15,숙취해소제,126
,2016-06-15,스타킹,42
,2016-06-15,마스크,7
,2016-06-16,과자,1429
,2016-06-16,라면,1191
,2016-06-16,아이스크림,1437
,2016-06-16,마스크,14
,2016-06-16,맥주,500
,2016-06-16,면도기,35
,2016-06-16,생리대,155
,2016-06-16,생수,557
,2016-06-16,숙취해소제,233
,2016-06-16,스타킹,49
,2016-06-16,탄산음료,289
,2016-06-17,과자,1375
,2016-06-17,라면,1395
,2016-06-17,아이스크림,1303
,2016-06-17,탄산음료,359
,2016-06-17,맥주,550
,2016-06-17,면도기,7
,2016-06-17,생리대,169
,2016-06-17,생수,669
,2016-06-17,숙취해소제,98
,2016-06-17,스타킹,70
,2016-06-18,과자,1684
,2016-06-18,라면,1289
,2016-06-18,아이스크림,1556
,2016-06-18,탄산음료,310
,2016-06-18,맥주,591
,2016-06-18,면도기,14
,2016-06-18,생리대,98
,2016-06-18,생수,858
,2016-06-18,숙취해소제,147
,2016-06-18,스타킹,14
,2016-06-19,과자,1459
,2016-06-19,라면,1064
,2016-06-19,맥주,486
,2016-06-19,아이스크림,1713
,2016-06-19,생리대,134
,2016-06-19,생수,528
,2016-06-19,스타킹,14
,2016-06-19,탄산음료,183
,2016-06-19,우산,42
,2016-06-19,면도기,14
,2016-06-19,숙취해소제,21
,2016-06-20,과자,1078
,2016-06-20,라면,993
,2016-06-20,생리대,155
,2016-06-20,생수,619
,2016-06-20,아이스크림,1382
,2016-06-20,탄산음료,317
,2016-06-20,마스크,21
,2016-06-20,맥주,366
,2016-06-20,면도기,28
,2016-06-20,숙취해소제,161
,2016-06-20,스타킹,35
,2016-06-20,우산,7
,2016-06-21,과자,1248
,2016-06-21,라면,1029
,2016-06-21,맥주,478
,2016-06-21,생수,711
,2016-06-21,아이스크림,1325
,2016-06-21,탄산음료,274
,2016-06-21,면도기,63
,2016-06-21,생리대,155
,2016-06-21,숙취해소제,176
,2016-06-21,스타킹,14
,2016-06-21,마스크,7
,2016-06-21,우산,7
,2016-06-22,과자,1676
,2016-06-22,라면,951
,2016-06-22,생수,430
,2016-06-22,숙취해소제,246
,2016-06-22,아이스크림,1177
,2016-06-22,우산,711
,2016-06-22,탄산음료,345
,2016-06-22,마스크,7
,2016-06-22,맥주,409
,2016-06-22,생리대,127
,2016-06-22,스타킹,35
,2016-06-23,과자,1395
,2016-06-23,라면,1043
,2016-06-23,마스크,7
,2016-06-23,생리대,169
,2016-06-23,생수,775
,2016-06-23,아이스크림,1205
,2016-06-23,탄산음료,295
,2016-06-23,맥주,324
,2016-06-23,면도기,14
,2016-06-23,숙취해소제,133
,2016-06-23,스타킹,35
,2016-06-23,우산,42
,2016-06-24,과자,1591
,2016-06-24,라면,1107
,2016-06-24,마스크,7
,2016-06-24,맥주,402
,2016-06-24,생수,832
,2016-06-24,아이스크림,1403
,2016-06-24,생리대,141
,2016-06-24,숙취해소제,140
,2016-06-24,스타킹,49
,2016-06-24,우산,133
,2016-06-24,탄산음료,288
,2016-06-24,면도기,14
,2016-06-25,라면,937
,2016-06-25,생수,789
,2016-06-25,숙취해소제,98
,2016-06-25,아이스크림,1550
,2016-06-25,과자,1486
,2016-06-25,맥주,712
,2016-06-25,생리대,169
,2016-06-25,스타킹,63
,2016-06-25,우산,7
,2016-06-25,탄산음료,303
,2016-06-25,면도기,14
,2016-06-25,마스크,7
,2016-06-26,라면,994
,2016-06-26,아이스크림,1543
,2016-06-26,탄산음료,239
,2016-06-26,과자,1529
,2016-06-26,맥주,479
,2016-06-26,면도기,14
,2016-06-26,생리대,63
,2016-06-26,생수,691
,2016-06-26,숙취해소제,42
,2016-06-26,우산,7
,2016-06-26,스타킹,14
,2016-06-27,과자,1072
,2016-06-27,라면,931
,2016-06-27,생리대,106
,2016-06-27,생수,748
,2016-06-27,숙취해소제,84
,2016-06-27,아이스크림,1310
,2016-06-27,탄산음료,203
,2016-06-27,맥주,359
,2016-06-27,스타킹,42
,2016-06-28,과자,1579
,2016-06-28,라면,993
,2016-06-28,생리대,134
,2016-06-28,생수,740
,2016-06-28,아이스크림,1734
,2016-06-28,탄산음료,225
,2016-06-28,맥주,606
,2016-06-28,숙취해소제,176
,2016-06-28,스타킹,99
,2016-06-28,마스크,14
,2016-06-29,과자,1494
,2016-06-29,라면,959
,2016-06-29,생리대,176
,2016-06-29,아이스크림,1832
,2016-06-29,맥주,303
,2016-06-29,생수,669
,2016-06-29,숙취해소제,261
,2016-06-29,스타킹,120
,2016-06-29,탄산음료,260
,2016-06-29,면도기,7
,2016-06-30,과자,1388
,2016-06-30,라면,1218
,2016-06-30,생리대,162
,2016-06-30,생수,634
,2016-06-30,아이스크림,1444
,2016-06-30,맥주,401
,2016-06-30,숙취해소제,184
,2016-06-30,스타킹,42
,2016-06-30,우산,190
,2016-06-30,탄산음료,289
,2016-06-30,면도기,14
,2016-07-01,과자,1657
,2016-07-01,라면,1183
,2016-07-01,맥주,394
,2016-07-01,생수,401
,2016-07-01,아이스크림,796
,2016-07-01,마스크,7
,2016-07-01,생리대,134
,2016-07-01,숙취해소제,126
,2016-07-01,스타킹,14
,2016-07-01,우산,635
,2016-07-01,탄산음료,219
,2016-07-01,면도기,21
,2016-07-02,과자,1677
,2016-07-02,라면,1262
,2016-07-02,아이스크림,1543
,2016-07-02,맥주,501
,2016-07-02,면도기,28
,2016-07-02,생리대,141
,2016-07-02,생수,761
,2016-07-02,스타킹,21
,2016-07-02,우산,14
,2016-07-02,탄산음료,303
,2016-07-02,숙취해소제,63
,2016-07-03,과자,1218
,2016-07-03,라면,979
,2016-07-03,맥주,401
,2016-07-03,생리대,77
,2016-07-03,생수,428
,2016-07-03,아이스크림,1424
,2016-07-03,탄산음료,183
,2016-07-03,마스크,7
,2016-07-03,스타킹,14
,2016-07-03,우산,7
,2016-07-03,면도기,7
,2016-07-03,숙취해소제,35
,2016-07-04,과자,1459
,2016-07-04,라면,1078
,2016-07-04,생리대,148
,2016-07-04,아이스크림,550
,2016-07-04,맥주,261
,2016-07-04,생수,302
,2016-07-04,스타킹,28
,2016-07-04,우산,571
,2016-07-04,탄산음료,140
,2016-07-04,면도기,14
,2016-07-04,숙취해소제,35
,2016-07-05,과자,1699
,2016-07-05,라면,1536
,2016-07-05,생수,514
,2016-07-05,아이스크림,896
,2016-07-05,탄산음료,253
,2016-07-05,마스크,14
,2016-07-05,맥주,345
,2016-07-05,생리대,99
,2016-07-05,숙취해소제,155
,2016-07-05,스타킹,49
,2016-07-05,우산,35
,2016-07-05,면도기,14
,2016-07-06,과자,1634
,2016-07-06,라면,958
,2016-07-06,맥주,402
,2016-07-06,아이스크림,1395
,2016-07-06,생리대,155
,2016-07-06,생수,845
,2016-07-06,숙취해소제,240
,2016-07-06,스타킹,42
,2016-07-06,탄산음료,246
,2016-07-06,우산,7
,2016-07-06,면도기,14
,2016-07-06,마스크,7
,2016-07-07,과자,1599
,2016-07-07,라면,1015
,2016-07-07,마스크,7
,2016-07-07,생수,571
,2016-07-07,탄산음료,267
,2016-07-07,맥주,486
,2016-07-07,생리대,141
,2016-07-07,숙취해소제,147
,2016-07-07,스타킹,63
,2016-07-07,아이스크림,1649
,2016-07-07,우산,70
,2016-07-08,라면,1015
,2016-07-08,스타킹,49
,2016-07-08,과자,1642
,2016-07-08,맥주,614
,2016-07-08,면도기,35
,2016-07-08,생리대,127
,2016-07-08,생수,621
,2016-07-08,숙취해소제,282
,2016-07-08,아이스크림,2156
,2016-07-08,탄산음료,366
,2016-07-09,과자,1535
,2016-07-09,라면,1064
,2016-07-09,맥주,719
,2016-07-09,생리대,183
,2016-07-09,생수,747
,2016-07-09,스타킹,28
,2016-07-09,아이스크림,2030
,2016-07-09,탄산음료,303
,2016-07-09,면도기,28
,2016-07-09,숙취해소제,84
,2016-07-09,마스크,7
,2016-07-09,우산,14
,2016-07-10,과자,1790
,2016-07-10,라면,922
,2016-07-10,맥주,268
,2016-07-10,생수,500
,2016-07-10,아이스크림,1797
,2016-07-10,면도기,14
,2016-07-10,생리대,70
,2016-07-10,숙취해소제,84
,2016-07-10,스타킹,28
,2016-07-10,탄산음료,337
,2016-07-10,마스크,7
,2016-07-11,과자,1163
,2016-07-11,라면,1058
,2016-07-11,생리대,162
,2016-07-11,아이스크림,2106
,2016-07-11,마스크,7
,2016-07-11,맥주,607
,2016-07-11,생수,691
,2016-07-11,숙취해소제,98
,2016-07-11,스타킹,7
,2016-07-11,우산,169
,2016-07-11,탄산음료,352
,2016-07-11,면도기,7
,2016-07-12,과자,1262
,2016-07-12,라면,1071
,2016-07-12,맥주,522
,2016-07-12,생리대,127
,2016-07-12,생수,493
,2016-07-12,아이스크림,1431
,2016-07-12,탄산음료,317
,2016-07-12,면도기,14
,2016-07-12,스타킹,70
,2016-07-12,우산,42
,2016-07-12,숙취해소제,56
,2016-07-13,과자,1458
,2016-07-13,라면,894
,2016-07-13,생리대,98
,2016-07-13,생수,577
,2016-07-13,스타킹,63
,2016-07-13,아이스크림,1966
,2016-07-13,탄산음료,247
,2016-07-13,맥주,317
,2016-07-13,숙취해소제,119
,2016-07-13,우산,35
,2016-07-13,면도기,14
,2016-07-14,과자,1275
,2016-07-14,라면,958
,2016-07-14,맥주,366
,2016-07-14,생리대,190
,2016-07-14,생수,572
,2016-07-14,아이스크림,1635
,2016-07-14,탄산음료,261
,2016-07-14,숙취해소제,126
,2016-07-14,스타킹,35
,2016-07-14,우산,7
,2016-07-15,과자,1579
,2016-07-15,라면,1072
,2016-07-15,생수,810
,2016-07-15,우산,430
,2016-07-15,탄산음료,387
,2016-07-15,마스크,28
,2016-07-15,맥주,564
,2016-07-15,생리대,197
,2016-07-15,숙취해소제,168
,2016-07-15,스타킹,49
,2016-07-15,아이스크림,1572
,2016-07-15,면도기,7
,2016-07-16,과자,1980
,2016-07-16,라면,1092
,2016-07-16,생리대,63
,2016-07-16,아이스크림,810
,2016-07-16,마스크,7
,2016-07-16,맥주,514
,2016-07-16,면도기,14
,2016-07-16,생수,373
,2016-07-16,숙취해소제,84
,2016-07-16,스타킹,28
,2016-07-16,우산,133
,2016-07-16,탄산음료,177
,2016-07-17,라면,873
,2016-07-17,면도기,14
,2016-07-17,생리대,112
,2016-07-17,생수,359
,2016-07-17,아이스크림,1494
,2016-07-17,탄산음료,148
,2016-07-17,과자,1368
,2016-07-17,맥주,359
,2016-07-17,숙취해소제,49
,2016-07-17,스타킹,35
,2016-07-17,우산,14
,2016-07-17,마스크,14
,2016-07-18,과자,1388
,2016-07-18,라면,1049
,2016-07-18,아이스크림,944
,2016-07-18,마스크,7
,2016-07-18,맥주,402
,2016-07-18,면도기,14
,2016-07-18,생리대,176
,2016-07-18,생수,436
,2016-07-18,숙취해소제,133
,2016-07-18,스타킹,35
,2016-07-18,탄산음료,261
,2016-07-19,과자,1247
,2016-07-19,라면,1022
,2016-07-19,생수,640
,2016-07-19,아이스크림,1755
,2016-07-19,탄산음료,289
,2016-07-19,맥주,316
,2016-07-19,생리대,134
,2016-07-19,숙취해소제,239
,2016-07-19,스타킹,35
,2016-07-19,면도기,14
,2016-07-20,과자,1543
,2016-07-20,라면,1100
,2016-07-20,생수,1063
,2016-07-20,스타킹,28
,2016-07-20,아이스크림,1431
,2016-07-20,탄산음료,450
,2016-07-20,맥주,613
,2016-07-20,생리대,148
,2016-07-20,숙취해소제,98
,2016-07-20,면도기,7
,2016-07-21,과자,1359
,2016-07-21,라면,1043
,2016-07-21,생수,740
,2016-07-21,스타킹,35
,2016-07-21,아이스크림,1557
,2016-07-21,마스크,21
,2016-07-21,맥주,451
,2016-07-21,면도기,21
,2016-07-21,생리대,127
,2016-07-21,숙취해소제,133
,2016-07-21,탄산음료,268
,2016-07-22,과자,1473
,2016-07-22,라면,1324
,2016-07-22,맥주,584
,2016-07-22,생리대,232
,2016-07-22,아이스크림,2283
,2016-07-22,탄산음료,457
,2016-07-22,마스크,7
,2016-07-22,면도기,28
,2016-07-22,생수,966
,2016-07-22,숙취해소제,211
,2016-07-22,스타킹,42
,2016-07-23,과자,1669
,2016-07-23,라면,937
,2016-07-23,맥주,612
,2016-07-23,생수,909
,2016-07-23,아이스크림,1614
,2016-07-23,우산,169
,2016-07-23,탄산음료,275
,2016-07-23,면도기,21
,2016-07-23,생리대,127
,2016-07-23,숙취해소제,49
,2016-07-23,스타킹,49
,2016-07-24,과자,1585
,2016-07-24,라면,1065
,2016-07-24,면도기,21
,2016-07-24,아이스크림,1649
,2016-07-24,우산,203
,2016-07-24,탄산음료,246
,2016-07-24,마스크,7
,2016-07-24,맥주,521
,2016-07-24,생리대,113
,2016-07-24,생수,543
,2016-07-24,숙취해소제,77
,2016-07-24,스타킹,7
,2016-07-25,과자,1155
,2016-07-25,라면,965
,2016-07-25,생리대,155
,2016-07-25,생수,669
,2016-07-25,아이스크림,1607
,2016-07-25,탄산음료,205
,2016-07-25,맥주,430
,2016-07-25,면도기,14
,2016-07-25,숙취해소제,28
,2016-07-25,스타킹,21
,2016-07-25,우산,7
,2016-07-26,과자,1389
,2016-07-26,라면,901
,2016-07-26,스타킹,28
,2016-07-26,아이스크림,2247
,2016-07-26,맥주,436
,2016-07-26,생리대,162
,2016-07-26,생수,514
,2016-07-26,숙취해소제,49
,2016-07-26,탄산음료,408
,2016-07-26,면도기,7
,2016-07-27,과자,1233
,2016-07-27,라면,973
,2016-07-27,생수,585
,2016-07-27,아이스크림,1471
,2016-07-27,우산,268
,2016-07-27,탄산음료,253
,2016-07-27,맥주,437
,2016-07-27,면도기,35
,2016-07-27,생리대,162
,2016-07-27,숙취해소제,154
,2016-07-27,스타킹,28
,2016-07-28,과자,1423
,2016-07-28,라면,1170
,2016-07-28,면도기,28
,2016-07-28,생수,719
,2016-07-28,아이스크림,1966
,2016-07-28,탄산음료,295
,2016-07-28,맥주,457
,2016-07-28,생리대,176
,2016-07-28,숙취해소제,162
,2016-07-28,스타킹,63
,2016-07-28,마스크,7
,2016-07-29,과자,1692
,2016-07-29,라면,1247
,2016-07-29,맥주,394
,2016-07-29,생수,803
,2016-07-29,아이스크림,1120
,2016-07-29,우산,472
,2016-07-29,생리대,127
,2016-07-29,숙취해소제,77
,2016-07-29,탄산음료,246
,2016-07-29,스타킹,28
,2016-07-29,면도기,14
,2016-07-30,과자,1649
,2016-07-30,라면,1050
,2016-07-30,맥주,705
,2016-07-30,생수,1007
,2016-07-30,스타킹,28
,2016-07-30,아이스크림,1649
,2016-07-30,마스크,7
,2016-07-30,생리대,113
,2016-07-30,숙취해소제,42
,2016-07-30,우산,42
,2016-07-30,탄산음료,345
,2016-07-30,면도기,14
,2016-07-31,과자,1585
,2016-07-31,라면,1241
,2016-07-31,맥주,569
,2016-07-31,면도기,14
,2016-07-31,생수,676
,2016-07-31,탄산음료,331
,2016-07-31,생리대,84
,2016-07-31,숙취해소제,42
,2016-07-31,스타킹,42
,2016-07-31,아이스크림,1692
,2016-07-31,우산,49
,2016-07-31,마스크,7
,2016-08-01,과자,1388
,2016-08-01,라면,1092
,2016-08-01,맥주,430
,2016-08-01,생리대,197
,2016-08-01,생수,1240
,2016-08-01,아이스크림,1571
,2016-08-01,탄산음료,226
,2016-08-01,면도기,7
,2016-08-01,숙취해소제,70
,2016-08-01,스타킹,21
,2016-08-02,과자,1600
,2016-08-02,라면,1100
,2016-08-02,아이스크림,1677
,2016-08-02,우산,584
,2016-08-02,탄산음료,372
,2016-08-02,맥주,507
,2016-08-02,생리대,155
,2016-08-02,생수,585
,2016-08-02,숙취해소제,49
,2016-08-02,스타킹,7
,2016-08-02,면도기,14
,2016-08-03,과자,1720
,2016-08-03,라면,994
,2016-08-03,생수,592
,2016-08-03,아이스크림,2473
,2016-08-03,마스크,14
,2016-08-03,맥주,543
,2016-08-03,생리대,162
,2016-08-03,숙취해소제,119
,2016-08-03,스타킹,14
,2016-08-03,우산,14
,2016-08-03,탄산음료,261
,2016-08-04,과자,1416
,2016-08-04,생리대,176
,2016-08-04,생수,677
,2016-08-04,탄산음료,338
,2016-08-04,라면,937
,2016-08-04,마스크,7
,2016-08-04,맥주,607
,2016-08-04,면도기,35
,2016-08-04,숙취해소제,176
,2016-08-04,스타킹,28
,2016-08-04,아이스크림,2297
,2016-08-05,과자,1598
,2016-08-05,라면,1050
,2016-08-05,아이스크림,3016
,2016-08-05,탄산음료,310
,2016-08-05,맥주,656
,2016-08-05,면도기,7
,2016-08-05,생리대,190
,2016-08-05,생수,606
,2016-08-05,숙취해소제,49
,2016-08-05,스타킹,35
,2016-08-05,우산,7
,2016-08-06,과자,1486
,2016-08-06,라면,979
,2016-08-06,아이스크림,1833
,2016-08-06,탄산음료,352
,2016-08-06,맥주,514
,2016-08-06,생리대,106
,2016-08-06,생수,556
,2016-08-06,숙취해소제,49
,2016-08-06,스타킹,21
,2016-08-06,면도기,7
,2016-08-07,과자,1360
,2016-08-07,라면,859
,2016-08-07,맥주,564
,2016-08-07,아이스크림,1649
,2016-08-07,탄산음료,198
,2016-08-07,생리대,119
,2016-08-07,생수,634
,2016-08-07,숙취해소제,7
,2016-08-07,스타킹,14
,2016-08-08,과자,1084
,2016-08-08,라면,860
,2016-08-08,생수,457
,2016-08-08,아이스크림,1775
,2016-08-08,마스크,7
,2016-08-08,맥주,535
,2016-08-08,면도기,14
,2016-08-08,생리대,127
,2016-08-08,숙취해소제,70
,2016-08-08,스타킹,56
,2016-08-08,탄산음료,451
,2016-08-08,우산,14
,2016-08-09,과자,1304
,2016-08-09,라면,1057
,2016-08-09,맥주,189
,2016-08-09,생수,1486
,2016-08-09,아이스크림,1930
,2016-08-09,우산,444
,2016-08-09,탄산음료,430
,2016-08-09,면도기,92
,2016-08-09,생리대,70
,2016-08-09,숙취해소제,70
,2016-08-09,스타킹,42
,2016-08-09,마스크,7
,2016-08-10,과자,1402
,2016-08-10,라면,1014
,2016-08-10,생수,585
,2016-08-10,맥주,543
,2016-08-10,면도기,7
,2016-08-10,생리대,260
,2016-08-10,숙취해소제,126
,2016-08-10,스타킹,42
,2016-08-10,아이스크림,1882
,2016-08-10,탄산음료,338
,2016-08-11,과자,1226
,2016-08-11,라면,1022
,2016-08-11,생리대,148
,2016-08-11,생수,699
,2016-08-11,아이스크림,3354
,2016-08-11,탄산음료,260
,2016-08-11,마스크,7
,2016-08-11,맥주,338
,2016-08-11,면도기,21
,2016-08-11,숙취해소제,197
,2016-08-11,스타킹,14
,2016-08-12,과자,1563
,2016-08-12,라면,1114
,2016-08-12,스타킹,77
,2016-08-12,아이스크림,2473
,2016-08-12,탄산음료,577
,2016-08-12,마스크,21
,2016-08-12,맥주,344
,2016-08-12,면도기,7
,2016-08-12,생리대,176
,2016-08-12,생수,1460
,2016-08-12,숙취해소제,154
,2016-08-12,우산,14
,2016-08-13,과자,1952
,2016-08-13,라면,866
,2016-08-13,맥주,584
,2016-08-13,생리대,204
,2016-08-13,생수,1021
,2016-08-13,아이스크림,2023
,2016-08-13,탄산음료,324
,2016-08-13,마스크,7
,2016-08-13,면도기,35
,2016-08-13,숙취해소제,70
,2016-08-13,스타킹,49
,2016-08-14,과자,1972
,2016-08-14,라면,1120
,2016-08-14,맥주,493
,2016-08-14,생리대,120
,2016-08-14,생수,747
,2016-08-14,아이스크림,2255
,2016-08-14,우산,126
,2016-08-14,탄산음료,233
,2016-08-14,면도기,35
,2016-08-14,숙취해소제,42
,2016-08-14,스타킹,21
,2016-08-15,과자,1444
,2016-08-15,맥주,662
,2016-08-15,생리대,127
,2016-08-15,생수,909
,2016-08-15,아이스크림,1628
,2016-08-15,탄산음료,303
,2016-08-15,라면,924
,2016-08-15,면도기,7
,2016-08-15,스타킹,14
,2016-08-15,우산,7
,2016-08-15,숙취해소제,14
,2016-08-16,과자,1332
,2016-08-16,라면,839
,2016-08-16,맥주,352
,2016-08-16,생수,712
,2016-08-16,아이스크림,1974
,2016-08-16,우산,56
,2016-08-16,탄산음료,303
,2016-08-16,면도기,14
,2016-08-16,생리대,204
,2016-08-16,숙취해소제,84
,2016-08-16,스타킹,28
,2016-08-17,과자,1107
,2016-08-17,라면,1022
,2016-08-17,맥주,436
,2016-08-17,생수,860
,2016-08-17,아이스크림,2057
,2016-08-17,탄산음료,387
,2016-08-17,생리대,218
,2016-08-17,숙취해소제,147
,2016-08-17,스타킹,28
,2016-08-18,과자,1473
,2016-08-18,라면,1253
,2016-08-18,생수,676
,2016-08-18,아이스크림,1599
,2016-08-18,맥주,295
,2016-08-18,생리대,197
,2016-08-18,숙취해소제,126
,2016-08-18,스타킹,42
,2016-08-18,우산,7
,2016-08-18,탄산음료,338
,2016-08-18,면도기,7
,2016-08-19,과자,1339
,2016-08-19,라면,1564
,2016-08-19,맥주,642
,2016-08-19,생리대,155
,2016-08-19,숙취해소제,147
,2016-08-19,아이스크림,1458
,2016-08-19,우산,542
,2016-08-19,탄산음료,317
,2016-08-19,면도기,42
,2016-08-19,생수,500
,2016-08-19,스타킹,49
,2016-08-20,과자,1402
,2016-08-20,라면,823
,2016-08-20,맥주,627
,2016-08-20,생수,1486
,2016-08-20,아이스크림,2466
,2016-08-20,탄산음료,387
,2016-08-20,생리대,98
,2016-08-20,숙취해소제,70
,2016-08-20,스타킹,21
,2016-08-20,면도기,28
,2016-08-21,라면,851
,2016-08-21,아이스크림,1706
,2016-08-21,과자,1311
,2016-08-21,맥주,571
,2016-08-21,생리대,84
,2016-08-21,생수,429
,2016-08-21,숙취해소제,70
,2016-08-21,스타킹,28
,2016-08-21,탄산음료,253
,2016-08-21,마스크,14
,2016-08-22,과자,1346
,2016-08-22,라면,1071
,2016-08-22,맥주,593
,2016-08-22,생수,739
,2016-08-22,아이스크림,1657
,2016-08-22,마스크,7
,2016-08-22,생리대,183
,2016-08-22,스타킹,28
,2016-08-22,우산,98
,2016-08-22,탄산음료,260
,2016-08-22,면도기,42
,2016-08-22,숙취해소제,70
,2016-08-23,과자,1324
,2016-08-23,라면,1155
,2016-08-23,생수,740
,2016-08-23,아이스크림,1458
,2016-08-23,우산,260
,2016-08-23,맥주,465
,2016-08-23,면도기,21
,2016-08-23,생리대,127
,2016-08-23,숙취해소제,112
,2016-08-23,스타킹,42
,2016-08-23,탄산음료,240
,2016-08-24,과자,1515
,2016-08-24,라면,1057
,2016-08-24,아이스크림,1451
,2016-08-24,탄산음료,311
,2016-08-24,맥주,514
,2016-08-24,생리대,155
,2016-08-24,생수,923
,2016-08-24,숙취해소제,225
,2016-08-24,스타킹,35
,2016-08-25,과자,1311
,2016-08-25,라면,972
,2016-08-25,맥주,323
,2016-08-25,생리대,141
,2016-08-25,생수,1043
,2016-08-25,숙취해소제,105
,2016-08-25,스타킹,35
,2016-08-25,아이스크림,1614
,2016-08-25,우산,676
,2016-08-25,탄산음료,289
,2016-08-25,면도기,14
,2016-08-26,과자,1733
,2016-08-26,라면,1169
,2016-08-26,생리대,112
,2016-08-26,생수,712
,2016-08-26,아이스크림,1641
,2016-08-26,맥주,656
,2016-08-26,숙취해소제,140
,2016-08-26,스타킹,63
,2016-08-26,우산,21
,2016-08-26,탄산음료,289
,2016-08-26,면도기,14
,2016-08-27,과자,2065
,2016-08-27,라면,1028
,2016-08-27,맥주,479
,2016-08-27,면도기,14
,2016-08-27,생리대,134
,2016-08-27,생수,677
,2016-08-27,숙취해소제,70
,2016-08-27,스타킹,28
,2016-08-27,아이스크림,1374
,2016-08-27,우산,14
,2016-08-27,탄산음료,261
,2016-08-28,과자,1753
,2016-08-28,라면,1232
,2016-08-28,아이스크림,1114
,2016-08-28,마스크,21
,2016-08-28,맥주,557
,2016-08-28,면도기,7
,2016-08-28,생리대,84
,2016-08-28,생수,613
,2016-08-28,스타킹,14
,2016-08-28,우산,550
,2016-08-28,탄산음료,261
,2016-08-28,숙취해소제,14
,2016-08-29,과자,1163
,2016-08-29,라면,1086
,2016-08-29,생리대,127
,2016-08-29,생수,543
,2016-08-29,아이스크림,1008
,2016-08-29,탄산음료,211
,2016-08-29,맥주,415
,2016-08-29,숙취해소제,98
,2016-08-29,스타킹,49
,2016-08-30,과자,1600
,2016-08-30,라면,1226
,2016-08-30,아이스크림,1085
,2016-08-30,마스크,7
,2016-08-30,맥주,382
,2016-08-30,면도기,28
,2016-08-30,생리대,63
,2016-08-30,생수,634
,2016-08-30,숙취해소제,98
,2016-08-30,스타킹,63
,2016-08-30,우산,42
,2016-08-30,탄산음료,169
,2016-08-31,과자,1767
,2016-08-31,라면,1367
,2016-08-31,생리대,77
,2016-08-31,생수,542
,2016-08-31,아이스크림,642
,2016-08-31,마스크,42
,2016-08-31,맥주,303
,2016-08-31,숙취해소제,161
,2016-08-31,스타킹,105
,2016-08-31,우산,140
,2016-08-31,탄산음료,169
,2016-09-01,과자,1310
,2016-09-01,라면,1050
,2016-09-01,생리대,105
,2016-09-01,생수,867
,2016-09-01,아이스크림,1486
,2016-09-01,마스크,7
,2016-09-01,맥주,494
,2016-09-01,숙취해소제,323
,2016-09-01,스타킹,63
,2016-09-01,탄산음료,443
,2016-09-01,우산,7
,2016-09-02,과자,1796
,2016-09-02,라면,944
,2016-09-02,맥주,521
,2016-09-02,생수,634
,2016-09-02,아이스크림,1579
,2016-09-02,탄산음료,472
,2016-09-02,생리대,176
,2016-09-02,숙취해소제,232
,2016-09-02,스타킹,56
,2016-09-02,면도기,28
,2016-09-02,우산,7
,2016-09-03,과자,1902
,2016-09-03,라면,1149
,2016-09-03,생수,761
,2016-09-03,숙취해소제,56
,2016-09-03,아이스크림,1325
,2016-09-03,맥주,486
,2016-09-03,면도기,28
,2016-09-03,생리대,99
,2016-09-03,스타킹,42
,2016-09-03,탄산음료,444
,2016-09-04,과자,1888
,2016-09-04,라면,1071
,2016-09-04,생리대,126
,2016-09-04,맥주,549
,2016-09-04,생수,867
,2016-09-04,숙취해소제,35
,2016-09-04,아이스크림,1290
,2016-09-04,탄산음료,232
,2016-09-04,스타킹,14
,2016-09-04,면도기,21
,2016-09-05,과자,1113
,2016-09-05,라면,902
,2016-09-05,생리대,183
,2016-09-05,생수,1141
,2016-09-05,아이스크림,1254
,2016-09-05,마스크,7
,2016-09-05,맥주,499
,2016-09-05,숙취해소제,204
,2016-09-05,스타킹,85
,2016-09-05,탄산음료,254
,2016-09-05,면도기,14
,2016-09-06,과자,1768
,2016-09-06,라면,1029
,2016-09-06,생수,635
,2016-09-06,아이스크림,1177
,2016-09-06,탄산음료,360
,2016-09-06,마스크,42
,2016-09-06,맥주,648
,2016-09-06,면도기,14
,2016-09-06,생리대,134
,2016-09-06,숙취해소제,261
,2016-09-06,스타킹,21
,2016-09-07,과자,1593
,2016-09-07,라면,1050
,2016-09-07,맥주,536
,2016-09-07,생리대,204
,2016-09-07,생수,718
,2016-09-07,아이스크림,1261
,2016-09-07,마스크,21
,2016-09-07,숙취해소제,148
,2016-09-07,스타킹,77
,2016-09-07,우산,14
,2016-09-07,탄산음료,260
,2016-09-07,면도기,35
,2016-09-08,과자,1522
,2016-09-08,라면,1585
,2016-09-08,생수,796
,2016-09-08,스타킹,91
,2016-09-08,아이스크림,775
,2016-09-08,우산,740
,2016-09-08,탄산음료,331
,2016-09-08,맥주,358
,2016-09-08,생리대,162
,2016-09-08,숙취해소제,310
,2016-09-08,마스크,7
,2016-09-09,과자,1543
,2016-09-09,라면,1304
,2016-09-09,생리대,197
,2016-09-09,생수,874
,2016-09-09,숙취해소제,154
,2016-09-09,아이스크림,1473
,2016-09-09,탄산음료,345
,2016-09-09,맥주,507
,2016-09-09,면도기,28
,2016-09-09,스타킹,49
,2016-09-10,과자,1683
,2016-09-10,라면,1310
,2016-09-10,생리대,105
,2016-09-10,생수,846
,2016-09-10,아이스크림,810
,2016-09-10,맥주,677
,2016-09-10,숙취해소제,155
,2016-09-10,스타킹,21
,2016-09-10,탄산음료,218
,2016-09-10,면도기,7
,2016-09-11,과자,1627
,2016-09-11,라면,1015
,2016-09-11,아이스크림,1515
,2016-09-11,마스크,14
,2016-09-11,맥주,436
,2016-09-11,생리대,113
,2016-09-11,생수,817
,2016-09-11,숙취해소제,56
,2016-09-11,스타킹,63
,2016-09-11,탄산음료,246
,2016-09-11,우산,21
,2016-09-12,과자,1184
,2016-09-12,라면,1008
,2016-09-12,맥주,388
,2016-09-12,생수,599
,2016-09-12,아이스크림,1261
,2016-09-12,탄산음료,317
,2016-09-12,생리대,113
,2016-09-12,스타킹,35
,2016-09-12,우산,91
,2016-09-12,숙취해소제,84
,2016-09-13,과자,1423
,2016-09-13,라면,1282
,2016-09-13,맥주,599
,2016-09-13,생수,621
,2016-09-13,아이스크림,1029
,2016-09-13,마스크,21
,2016-09-13,면도기,14
,2016-09-13,생리대,134
,2016-09-13,숙취해소제,140
,2016-09-13,스타킹,35
,2016-09-13,우산,7
,2016-09-13,탄산음료,352
,2016-09-14,과자,1500
,2016-09-14,라면,1029
,2016-09-14,맥주,500
,2016-09-14,생수,577
,2016-09-14,아이스크림,887
,2016-09-14,마스크,14
,2016-09-14,면도기,14
,2016-09-14,생리대,84
,2016-09-14,숙취해소제,56
,2016-09-14,탄산음료,176
,2016-09-14,스타킹,21
,2016-09-15,과자,1529
,2016-09-15,라면,1078
,2016-09-15,생수,585
,2016-09-15,아이스크림,1550
,2016-09-15,맥주,550
,2016-09-15,생리대,42
,2016-09-15,숙취해소제,49
,2016-09-15,탄산음료,247
,2016-09-15,마스크,7
,2016-09-15,면도기,14
,2016-09-16,과자,1599
,2016-09-16,라면,888
,2016-09-16,아이스크림,817
,2016-09-16,맥주,415
,2016-09-16,생리대,105
,2016-09-16,생수,677
,2016-09-16,숙취해소제,14
,2016-09-16,탄산음료,190
,2016-09-16,마스크,7
,2016-09-16,면도기,14
,2016-09-17,과자,1402
,2016-09-17,라면,1226
,2016-09-17,아이스크림,988
,2016-09-17,탄산음료,351
,2016-09-17,맥주,571
,2016-09-17,생리대,99
,2016-09-17,생수,619
,2016-09-17,숙취해소제,14
,2016-09-17,스타킹,42
,2016-09-17,우산,49
,2016-09-17,면도기,14
,2016-09-18,과자,1156
,2016-09-18,라면,1065
,2016-09-18,생수,570
,2016-09-18,탄산음료,204
,2016-09-18,맥주,430
,2016-09-18,생리대,113
,2016-09-18,숙취해소제,112
,2016-09-18,스타킹,28
,2016-09-18,아이스크림,1114
,2016-09-18,면도기,7
,2016-09-18,마스크,7
,2016-09-19,과자,1023
,2016-09-19,라면,1247
,2016-09-19,면도기,7
,2016-09-19,생리대,134
,2016-09-19,생수,755
,2016-09-19,아이스크림,733
,2016-09-19,탄산음료,203
,2016-09-19,맥주,401
,2016-09-19,숙취해소제,77
,2016-09-19,스타킹,56
,2016-09-19,우산,7
,2016-09-20,과자,1494
,2016-09-20,라면,978
,2016-09-20,생수,417
,2016-09-20,아이스크림,670
,2016-09-20,탄산음료,317
,2016-09-20,맥주,472
,2016-09-20,생리대,155
,2016-09-20,숙취해소제,63
,2016-09-20,스타킹,112
,2016-09-20,마스크,14
,2016-09-20,면도기,7
,2016-09-21,과자,1346
,2016-09-21,라면,1127
,2016-09-21,맥주,478
,2016-09-21,생수,817
,2016-09-21,아이스크림,557
,2016-09-21,생리대,141
,2016-09-21,숙취해소제,154
,2016-09-21,스타킹,99
,2016-09-21,탄산음료,387
,2016-09-21,면도기,14
,2016-09-21,마스크,7
,2016-09-22,과자,1395
,2016-09-22,라면,1289
,2016-09-22,맥주,438
,2016-09-22,생리대,84
,2016-09-22,생수,564
,2016-09-22,스타킹,92
,2016-09-22,아이스크림,880
,2016-09-22,탄산음료,443
,2016-09-22,숙취해소제,218
,2016-09-22,면도기,21
,2016-09-23,과자,1896
,2016-09-23,라면,1247
,2016-09-23,생수,720
,2016-09-23,아이스크림,817
,2016-09-23,맥주,627
,2016-09-23,생리대,134
,2016-09-23,숙취해소제,261
,2016-09-23,스타킹,42
,2016-09-23,탄산음료,360
,2016-09-23,마스크,7
,2016-09-23,면도기,21
,2016-09-24,과자,1733
,2016-09-24,라면,972
,2016-09-24,생리대,141
,2016-09-24,생수,1106
,2016-09-24,아이스크림,950
,2016-09-24,맥주,542
,2016-09-24,숙취해소제,147
,2016-09-24,스타킹,63
,2016-09-24,탄산음료,465
,2016-09-24,면도기,7
,2016-09-25,라면,1178
,2016-09-25,생리대,126
,2016-09-25,과자,1797
,2016-09-25,마스크,7
,2016-09-25,맥주,401
,2016-09-25,생수,768
,2016-09-25,숙취해소제,28
,2016-09-25,스타킹,7
,2016-09-25,아이스크림,903
,2016-09-25,탄산음료,345
,2016-09-25,면도기,14
,2016-09-26,과자,1311
,2016-09-26,라면,1135
,2016-09-26,맥주,557
,2016-09-26,생수,1543
,2016-09-26,아이스크림,874
,2016-09-26,탄산음료,451
,2016-09-26,마스크,7
,2016-09-26,생리대,91
,2016-09-26,숙취해소제,190
,2016-09-26,스타킹,77
,2016-09-26,우산,14
,2016-09-27,과자,1726
,2016-09-27,라면,1332
,2016-09-27,아이스크림,605
,2016-09-27,우산,451
,2016-09-27,탄산음료,515
,2016-09-27,맥주,394
,2016-09-27,생리대,91
,2016-09-27,생수,980
,2016-09-27,숙취해소제,203
,2016-09-27,스타킹,56
,2016-09-27,면도기,7
,2016-09-28,과자,1789
,2016-09-28,라면,1318
,2016-09-28,생수,1338
,2016-09-28,아이스크림,640
,2016-09-28,탄산음료,352
,2016-09-28,마스크,14
,2016-09-28,맥주,373
,2016-09-28,면도기,14
,2016-09-28,생리대,105
,2016-09-28,숙취해소제,162
,2016-09-28,스타킹,127
,2016-09-28,우산,7
,2016-09-29,과자,1741
,2016-09-29,라면,1126
,2016-09-29,맥주,379
,2016-09-29,스타킹,56
,2016-09-29,아이스크림,1254
,2016-09-29,탄산음료,344
,2016-09-29,면도기,14
,2016-09-29,생리대,120
,2016-09-29,생수,1006
,2016-09-29,숙취해소제,218
,2016-09-29,우산,7
,2016-09-29,마스크,14
,2016-09-30,과자,2331
,2016-09-30,라면,1156
,2016-09-30,생리대,162
,2016-09-30,생수,719
,2016-09-30,스타킹,91
,2016-09-30,탄산음료,359
,2016-09-30,맥주,549
,2016-09-30,면도기,14
,2016-09-30,숙취해소제,98
,2016-09-30,아이스크림,986
,2016-09-30,마스크,7
,2016-10-01,과자,1712
,2016-10-01,라면,1325
,2016-10-01,맥주,720
,2016-10-01,생수,952
,2016-10-01,아이스크림,979
,2016-10-01,탄산음료,324
,2016-10-01,생리대,148
,2016-10-01,숙취해소제,21
,2016-10-01,스타킹,42
,2016-10-01,우산,28
,2016-10-01,면도기,21
,2016-10-02,과자,1908
,2016-10-02,라면,1112
,2016-10-02,맥주,415
,2016-10-02,스타킹,49
,2016-10-02,아이스크림,585
,2016-10-02,우산,225
,2016-10-02,탄산음료,211
,2016-10-02,마스크,14
,2016-10-02,면도기,35
,2016-10-02,생리대,106
,2016-10-02,생수,374
,2016-10-02,숙취해소제,56
,2016-10-03,과자,1542
,2016-10-03,라면,775
,2016-10-03,맥주,415
,2016-10-03,생수,733
,2016-10-03,아이스크림,1028
,2016-10-03,생리대,134
,2016-10-03,숙취해소제,105
,2016-10-03,스타킹,63
,2016-10-03,탄산음료,239
,2016-10-03,면도기,7
,2016-10-04,과자,1276
,2016-10-04,라면,980
,2016-10-04,맥주,486
,2016-10-04,생수,964
,2016-10-04,숙취해소제,91
,2016-10-04,스타킹,77
,2016-10-04,아이스크림,824
,2016-10-04,탄산음료,303
,2016-10-04,생리대,147
,2016-10-04,면도기,7
,2016-10-05,라면,1184
,2016-10-05,생수,543
,2016-10-05,아이스크림,754
,2016-10-05,탄산음료,175
,2016-10-05,과자,1579
,2016-10-05,마스크,14
,2016-10-05,맥주,633
,2016-10-05,생리대,141
,2016-10-05,숙취해소제,176
,2016-10-05,스타킹,127
,2016-10-05,면도기,7
,2016-10-06,라면,1360
,2016-10-06,생리대,91
,2016-10-06,생수,570
,2016-10-06,스타킹,112
,2016-10-06,아이스크림,415
,2016-10-06,탄산음료,218
,2016-10-06,과자,1142
,2016-10-06,맥주,437
,2016-10-06,숙취해소제,77
,2016-10-06,면도기,21
,2016-10-06,마스크,7
,2016-10-07,과자,1416
,2016-10-07,라면,1275
,2016-10-07,스타킹,127
,2016-10-07,아이스크림,605
,2016-10-07,우산,711
,2016-10-07,탄산음료,359
,2016-10-07,마스크,21
,2016-10-07,맥주,472
,2016-10-07,생리대,84
,2016-10-07,생수,1078
,2016-10-07,숙취해소제,169
,2016-10-07,면도기,14
,2016-10-08,과자,1536
,2016-10-08,라면,1262
,2016-10-08,맥주,494
,2016-10-08,생리대,133
,2016-10-08,생수,641
,2016-10-08,스타킹,91
,2016-10-08,아이스크림,493
,2016-10-08,마스크,21
,2016-10-08,숙취해소제,98
,2016-10-08,우산,63
,2016-10-08,탄산음료,254
,2016-10-08,면도기,14
,2016-10-09,과자,1613
,2016-10-09,라면,1338
,2016-10-09,생수,655
,2016-10-09,우산,14
,2016-10-09,마스크,21
,2016-10-09,맥주,577
,2016-10-09,면도기,28
,2016-10-09,생리대,134
,2016-10-09,숙취해소제,49
,2016-10-09,스타킹,113
,2016-10-09,아이스크림,444
,2016-10-09,탄산음료,310
,2016-10-10,과자,1473
,2016-10-10,라면,1268
,2016-10-10,탄산음료,261
,2016-10-10,맥주,338
,2016-10-10,생리대,169
,2016-10-10,생수,1121
,2016-10-10,숙취해소제,253
,2016-10-10,스타킹,204
,2016-10-10,아이스크림,324
,2016-10-10,면도기,14
,2016-10-11,과자,1332
,2016-10-11,라면,1346
,2016-10-11,맥주,402
,2016-10-11,생수,640
,2016-10-11,아이스크림,599
,2016-10-11,탄산음료,281
,2016-10-11,마스크,21
,2016-10-11,생리대,148
,2016-10-11,숙취해소제,140
,2016-10-11,스타킹,134
,2016-10-11,면도기,7
,2016-10-12,과자,1704
,2016-10-12,라면,1219
,2016-10-12,생수,1057
,2016-10-12,아이스크림,565
,2016-10-12,탄산음료,261
,2016-10-12,마스크,7
,2016-10-12,맥주,372
,2016-10-12,면도기,35
,2016-10-12,생리대,176
,2016-10-12,숙취해소제,84
,2016-10-12,스타킹,169
,2016-10-13,과자,1458
,2016-10-13,라면,1310
,2016-10-13,스타킹,148
,2016-10-13,아이스크림,443
,2016-10-13,탄산음료,218
,2016-10-13,맥주,366
,2016-10-13,생리대,141
,2016-10-13,생수,993
,2016-10-13,숙취해소제,154
,2016-10-13,마스크,14
,2016-10-13,면도기,28
,2016-10-14,과자,1451
,2016-10-14,라면,1176
,2016-10-14,생리대,169
,2016-10-14,생수,1149
,2016-10-14,스타킹,141
,2016-10-14,아이스크림,860
,2016-10-14,탄산음료,387
,2016-10-14,마스크,42
,2016-10-14,맥주,691
,2016-10-14,숙취해소제,162
,2016-10-15,과자,1952
,2016-10-15,라면,930
,2016-10-15,맥주,471
,2016-10-15,생리대,119
,2016-10-15,생수,838
,2016-10-15,스타킹,63
,2016-10-15,아이스크림,768
,2016-10-15,탄산음료,380
,2016-10-15,마스크,99
,2016-10-15,면도기,14
,2016-10-15,숙취해소제,105
,2016-10-16,과자,1747
,2016-10-16,라면,1014
,2016-10-16,아이스크림,677
,2016-10-16,탄산음료,289
,2016-10-16,맥주,415
,2016-10-16,생리대,91
,2016-10-16,생수,521
,2016-10-16,숙취해소제,98
,2016-10-16,우산,310
,2016-10-16,스타킹,7
,2016-10-17,과자,1086
,2016-10-17,라면,1093
,2016-10-17,탄산음료,288
,2016-10-17,마스크,7
,2016-10-17,맥주,226
,2016-10-17,생리대,120
,2016-10-17,생수,564
,2016-10-17,숙취해소제,84
,2016-10-17,스타킹,84
,2016-10-17,아이스크림,592
,2016-10-17,면도기,7
,2016-10-18,과자,1734
,2016-10-18,라면,1353
,2016-10-18,생수,768
,2016-10-18,탄산음료,253
,2016-10-18,맥주,373
,2016-10-18,생리대,141
,2016-10-18,숙취해소제,218
,2016-10-18,스타킹,113
,2016-10-18,아이스크림,641
,2016-10-18,마스크,21
,2016-10-18,면도기,7
,2016-10-19,과자,1239
,2016-10-19,라면,1479
,2016-10-19,생리대,211
,2016-10-19,생수,536
,2016-10-19,아이스크림,670
,2016-10-19,맥주,261
,2016-10-19,숙취해소제,269
,2016-10-19,스타킹,190
,2016-10-19,탄산음료,352
,2016-10-19,마스크,14
,2016-10-20,과자,1514
,2016-10-20,라면,1022
,2016-10-20,맥주,556
,2016-10-20,생수,627
,2016-10-20,생리대,120
,2016-10-20,숙취해소제,77
,2016-10-20,스타킹,126
,2016-10-20,아이스크림,570
,2016-10-20,탄산음료,359
,2016-10-20,마스크,14
,2016-10-20,면도기,28
,2016-10-21,과자,1550
,2016-10-21,라면,1375
,2016-10-21,생수,804
,2016-10-21,아이스크림,571
,2016-10-21,탄산음료,331
,2016-10-21,마스크,21
,2016-10-21,맥주,430
,2016-10-21,면도기,14
,2016-10-21,생리대,120
,2016-10-21,숙취해소제,247
,2016-10-21,스타킹,169
,2016-10-22,과자,1634
,2016-10-22,라면,993
,2016-10-22,생리대,91
,2016-10-22,생수,1036
,2016-10-22,마스크,28
,2016-10-22,맥주,542
,2016-10-22,숙취해소제,261
,2016-10-22,스타킹,77
,2016-10-22,아이스크림,571
,2016-10-22,우산,14
,2016-10-22,탄산음료,212
,2016-10-22,면도기,7
,2016-10-23,과자,1937
,2016-10-23,라면,1543
,2016-10-23,생수,464
,2016-10-23,탄산음료,212
,2016-10-23,맥주,359
,2016-10-23,면도기,7
,2016-10-23,생리대,106
,2016-10-23,스타킹,113
,2016-10-23,아이스크림,437
,2016-10-23,우산,860
,2016-10-23,숙취해소제,14
,2016-10-24,과자,1395
,2016-10-24,라면,1197
,2016-10-24,아이스크림,578
,2016-10-24,탄산음료,233
,2016-10-24,맥주,331
,2016-10-24,생리대,176
,2016-10-24,생수,669
,2016-10-24,숙취해소제,168
,2016-10-24,스타킹,169
,2016-10-24,면도기,21
,2016-10-25,과자,1247
,2016-10-25,라면,1028
,2016-10-25,맥주,267
,2016-10-25,생리대,105
,2016-10-25,아이스크림,352
,2016-10-25,탄산음료,310
,2016-10-25,생수,486
,2016-10-25,숙취해소제,56
,2016-10-25,스타킹,91
,2016-10-25,우산,77
,2016-10-25,마스크,7
,2016-10-26,과자,1606
,2016-10-26,라면,1346
,2016-10-26,탄산음료,289
,2016-10-26,마스크,7
,2016-10-26,맥주,409
,2016-10-26,생리대,183
,2016-10-26,생수,549
,2016-10-26,숙취해소제,247
,2016-10-26,스타킹,162
,2016-10-26,아이스크림,296
,2016-10-26,우산,7
,2016-10-26,면도기,21
,2016-10-27,과자,1536
,2016-10-27,라면,1282
,2016-10-27,맥주,401
,2016-10-27,생수,705
,2016-10-27,스타킹,141
,2016-10-27,아이스크림,345
,2016-10-27,탄산음료,274
,2016-10-27,마스크,14
,2016-10-27,면도기,35
,2016-10-27,생리대,134
,2016-10-27,숙취해소제,232
,2016-10-28,과자,1790
,2016-10-28,라면,1429
,2016-10-28,생리대,148
,2016-10-28,스타킹,225
,2016-10-28,아이스크림,317
,2016-10-28,탄산음료,268
,2016-10-28,마스크,28
,2016-10-28,맥주,465
,2016-10-28,생수,577
,2016-10-28,숙취해소제,231
,2016-10-28,우산,7
,2016-10-28,면도기,7
,2016-10-29,과자,1570
,2016-10-29,라면,1415
,2016-10-29,마스크,112
,2016-10-29,맥주,381
,2016-10-29,아이스크림,409
,2016-10-29,탄산음료,168
,2016-10-29,면도기,28
,2016-10-29,생리대,141
,2016-10-29,생수,937
,2016-10-29,숙취해소제,91
,2016-10-29,스타킹,155
,2016-10-29,우산,7
,2016-10-30,과자,1825
,2016-10-30,라면,1042
,2016-10-30,생리대,91
,2016-10-30,생수,408
,2016-10-30,탄산음료,219
,2016-10-30,마스크,63
,2016-10-30,맥주,395
,2016-10-30,면도기,21
,2016-10-30,숙취해소제,14
,2016-10-30,스타킹,49
,2016-10-30,아이스크림,458
,2016-10-31,과자,1451
,2016-10-31,라면,1585
,2016-10-31,우산,70
,2016-10-31,맥주,289
,2016-10-31,면도기,14
,2016-10-31,생리대,183
,2016-10-31,생수,282
,2016-10-31,숙취해소제,105
,2016-10-31,스타킹,113
,2016-10-31,아이스크림,254
,2016-10-31,탄산음료,212
,2016-11-01,과자,1628
,2016-11-01,라면,1423
,2016-11-01,생리대,120
,2016-11-01,탄산음료,204
,2016-11-01,마스크,14
,2016-11-01,맥주,344
,2016-11-01,면도기,63
,2016-11-01,생수,387
,2016-11-01,숙취해소제,112
,2016-11-01,스타킹,84
,2016-11-01,아이스크림,190
,2016-11-02,과자,1367
,2016-11-02,라면,1366
,2016-11-02,생수,598
,2016-11-02,우산,140
,2016-11-02,탄산음료,204
,2016-11-02,맥주,260
,2016-11-02,생리대,99
,2016-11-02,숙취해소제,63
,2016-11-02,스타킹,42
,2016-11-02,아이스크림,218
,2016-11-02,마스크,28
,2016-11-02,면도기,14
,2016-11-03,과자,1685
,2016-11-03,라면,1163
,2016-11-03,면도기,35
,2016-11-03,탄산음료,254
,2016-11-03,마스크,14
,2016-11-03,맥주,295
,2016-11-03,생리대,85
,2016-11-03,생수,493
,2016-11-03,숙취해소제,169
,2016-11-03,스타킹,106
,2016-11-03,아이스크림,338
,2016-11-04,과자,1486
,2016-11-04,라면,1043
,2016-11-04,맥주,543
,2016-11-04,생리대,148
,2016-11-04,아이스크림,528
,2016-11-04,탄산음료,246
,2016-11-04,마스크,7
,2016-11-04,생수,521
,2016-11-04,숙취해소제,247
,2016-11-04,스타킹,77
,2016-11-05,과자,1572
,2016-11-05,라면,1120
,2016-11-05,생리대,126
,2016-11-05,생수,1615
,2016-11-05,아이스크림,359
,2016-11-05,마스크,189
,2016-11-05,맥주,450
,2016-11-05,숙취해소제,84
,2016-11-05,스타킹,84
,2016-11-05,탄산음료,465
,2016-11-06,과자,1395
,2016-11-06,라면,1254
,2016-11-06,탄산음료,402
,2016-11-06,마스크,21
,2016-11-06,맥주,303
,2016-11-06,면도기,42
,2016-11-06,생리대,99
,2016-11-06,생수,465
,2016-11-06,숙취해소제,63
,2016-11-06,스타킹,56
,2016-11-06,아이스크림,309
,2016-11-07,과자,1007
,2016-11-07,라면,1035
,2016-11-07,생수,761
,2016-11-07,우산,400
,2016-11-07,맥주,317
,2016-11-07,면도기,7
,2016-11-07,생리대,99
,2016-11-07,숙취해소제,140
,2016-11-07,스타킹,162
,2016-11-07,아이스크림,198
,2016-11-07,탄산음료,176
,2016-11-07,마스크,7
,2016-11-08,라면,1226
,2016-11-08,생수,239
,2016-11-08,스타킹,84
,2016-11-08,탄산음료,182
,2016-11-08,과자,1303
,2016-11-08,마스크,7
,2016-11-08,맥주,126
,2016-11-08,생리대,99
,2016-11-08,숙취해소제,56
,2016-11-08,아이스크림,331
,2016-11-09,과자,1346
,2016-11-09,라면,1036
,2016-11-09,아이스크림,464
,2016-11-09,탄산음료,182
,2016-11-09,맥주,260
,2016-11-09,생리대,183
,2016-11-09,생수,324
,2016-11-09,숙취해소제,77
,2016-11-09,스타킹,77
,2016-11-09,마스크,7
,2016-11-09,면도기,14
,2016-11-10,과자,1338
,2016-11-10,라면,1452
,2016-11-10,생리대,91
,2016-11-10,생수,437
,2016-11-10,아이스크림,169
,2016-11-10,탄산음료,204
,2016-11-10,맥주,147
,2016-11-10,면도기,7
,2016-11-10,숙취해소제,162
,2016-11-10,스타킹,134
,2016-11-10,우산,253
,2016-11-10,마스크,21
,2016-11-11,과자,1473
,2016-11-11,라면,1205
,2016-11-11,맥주,444
,2016-11-11,생수,683
,2016-11-11,마스크,35
,2016-11-11,면도기,21
,2016-11-11,생리대,141
,2016-11-11,숙취해소제,155
,2016-11-11,스타킹,141
,2016-11-11,아이스크림,260
,2016-11-11,탄산음료,359
,2016-11-12,과자,2071
,2016-11-12,라면,1713
,2016-11-12,마스크,415
,2016-11-12,맥주,1056
,2016-11-12,면도기,35
,2016-11-12,생리대,211
,2016-11-12,생수,2980
,2016-11-12,스타킹,56
,2016-11-12,아이스크림,485
,2016-11-12,탄산음료,429
,2016-11-12,숙취해소제,147
,2016-11-12,우산,14
,2016-11-13,과자,1303
,2016-11-13,라면,936
,2016-11-13,생수,372
,2016-11-13,스타킹,28
,2016-11-13,아이스크림,479
,2016-11-13,마스크,21
,2016-11-13,맥주,353
,2016-11-13,생리대,134
,2016-11-13,숙취해소제,63
,2016-11-13,탄산음료,169
,2016-11-13,우산,7
,2016-11-14,과자,1282
,2016-11-14,라면,1198
,2016-11-14,생리대,134
,2016-11-14,탄산음료,169
,2016-11-14,마스크,21
,2016-11-14,맥주,274
,2016-11-14,생수,381
,2016-11-14,숙취해소제,127
,2016-11-14,스타킹,92
,2016-11-14,아이스크림,367
,2016-11-14,우산,430
,2016-11-14,면도기,7
,2016-11-15,과자,1282
,2016-11-15,라면,1254
,2016-11-15,맥주,394
,2016-11-15,생리대,155
,2016-11-15,생수,394
,2016-11-15,탄산음료,232
,2016-11-15,마스크,7
,2016-11-15,숙취해소제,70
,2016-11-15,스타킹,70
,2016-11-15,아이스크림,353
,2016-11-15,면도기,14
,2016-11-16,과자,1360
,2016-11-16,라면,1310
,2016-11-16,생수,437
,2016-11-16,아이스크림,366
,2016-11-16,탄산음료,197
,2016-11-16,마스크,14
,2016-11-16,맥주,296
,2016-11-16,생리대,127
,2016-11-16,숙취해소제,169
,2016-11-16,스타킹,63
,2016-11-17,과자,959
,2016-11-17,라면,1204
,2016-11-17,생리대,84
,2016-11-17,생수,543
,2016-11-17,숙취해소제,260
,2016-11-17,스타킹,106
,2016-11-17,아이스크림,323
,2016-11-17,마스크,21
,2016-11-17,맥주,338
,2016-11-17,탄산음료,317
,2016-11-17,면도기,7
,2016-11-18,과자,1902
,2016-11-18,라면,1395
,2016-11-18,맥주,444
,2016-11-18,생수,591
,2016-11-18,스타킹,91
,2016-11-18,아이스크림,359
,2016-11-18,우산,240
,2016-11-18,마스크,21
,2016-11-18,면도기,42
,2016-11-18,생리대,155
,2016-11-18,숙취해소제,175
,2016-11-18,탄산음료,317
,2016-11-19,과자,2134
,2016-11-19,라면,1338
,2016-11-19,생수,1769
,2016-11-19,우산,154
,2016-11-19,탄산음료,275
,2016-11-19,마스크,77
,2016-11-19,맥주,529
,2016-11-19,생리대,105
,2016-11-19,숙취해소제,141
,2016-11-19,스타킹,77
,2016-11-19,아이스크림,543
,2016-11-19,면도기,14
,2016-11-20,과자,1473
,2016-11-20,라면,1057
,2016-11-20,생수,373
,2016-11-20,맥주,466
,2016-11-20,면도기,14
,2016-11-20,생리대,84
,2016-11-20,숙취해소제,35
,2016-11-20,스타킹,28
,2016-11-20,아이스크림,338
,2016-11-20,탄산음료,154
,2016-11-21,과자,1233
,2016-11-21,라면,1021
,2016-11-21,생리대,133
,2016-11-21,스타킹,169
,2016-11-21,마스크,70
,2016-11-21,맥주,274
,2016-11-21,생수,607
,2016-11-21,숙취해소제,28
,2016-11-21,아이스크림,233
,2016-11-21,탄산음료,162
,2016-11-22,과자,1360
,2016-11-22,라면,1275
,2016-11-22,마스크,7
,2016-11-22,생수,436
,2016-11-22,스타킹,49
,2016-11-22,탄산음료,183
,2016-11-22,맥주,253
,2016-11-22,생리대,98
,2016-11-22,숙취해소제,212
,2016-11-22,아이스크림,197
,2016-11-23,과자,1176
,2016-11-23,라면,1269
,2016-11-23,생수,387
,2016-11-23,마스크,21
,2016-11-23,맥주,197
,2016-11-23,면도기,14
,2016-11-23,생리대,162
,2016-11-23,숙취해소제,155
,2016-11-23,스타킹,63
,2016-11-23,아이스크림,205
,2016-11-23,탄산음료,204
,2016-11-24,과자,1705
,2016-11-24,라면,1177
,2016-11-24,생리대,119
,2016-11-24,스타킹,98
,2016-11-24,탄산음료,155
,2016-11-24,마스크,14
,2016-11-24,맥주,289
,2016-11-24,면도기,14
,2016-11-24,생수,373
,2016-11-24,숙취해소제,154
,2016-11-24,아이스크림,275
,2016-11-25,과자,1572
,2016-11-25,라면,1240
,2016-11-25,생수,330
,2016-11-25,스타킹,105
,2016-11-25,탄산음료,254
,2016-11-25,마스크,63
,2016-11-25,맥주,261
,2016-11-25,생리대,127
,2016-11-25,숙취해소제,70
,2016-11-25,아이스크림,254
,2016-11-25,면도기,14
,2016-11-26,과자,2120
,2016-11-26,라면,1522
,2016-11-26,생수,1635
,2016-11-26,우산,501
,2016-11-26,마스크,211
,2016-11-26,맥주,458
,2016-11-26,면도기,21
,2016-11-26,생리대,112
,2016-11-26,숙취해소제,91
,2016-11-26,스타킹,77
,2016-11-26,아이스크림,331
,2016-11-26,탄산음료,212
,2016-11-27,과자,1641
,2016-11-27,라면,959
,2016-11-27,맥주,480
,2016-11-27,생수,373
,2016-11-27,아이스크림,338
,2016-11-27,면도기,21
,2016-11-27,생리대,134
,2016-11-27,숙취해소제,77
,2016-11-27,스타킹,28
,2016-11-27,우산,91
,2016-11-27,탄산음료,176
,2016-11-27,마스크,14
,2016-11-28,과자,1339
,2016-11-28,라면,1127
,2016-11-28,생리대,134
,2016-11-28,생수,775
,2016-11-28,아이스크림,303
,2016-11-28,탄산음료,366
,2016-11-28,마스크,77
,2016-11-28,맥주,317
,2016-11-28,면도기,35
,2016-11-28,숙취해소제,126
,2016-11-28,스타킹,49
,2016-11-29,과자,1142
,2016-11-29,라면,1388
,2016-11-29,탄산음료,282
,2016-11-29,마스크,56
,2016-11-29,맥주,338
,2016-11-29,생리대,126
,2016-11-29,생수,493
,2016-11-29,숙취해소제,77
,2016-11-29,스타킹,56
,2016-11-29,아이스크림,380
,2016-11-29,면도기,14
,2016-11-30,과자,1409
,2016-11-30,라면,1253
,2016-11-30,생리대,112
,2016-11-30,우산,309
,2016-11-30,맥주,288
,2016-11-30,면도기,35
,2016-11-30,생수,344
,2016-11-30,숙취해소제,133
,2016-11-30,스타킹,49
,2016-11-30,아이스크림,359
,2016-11-30,탄산음료,310
,2016-11-30,마스크,14
,2016-12-01,과자,1276
,2016-12-01,라면,1149
,2016-12-01,맥주,302
,2016-12-01,탄산음료,254
,2016-12-01,마스크,28
,2016-12-01,면도기,7
,2016-12-01,생리대,105
,2016-12-01,생수,535
,2016-12-01,숙취해소제,154
,2016-12-01,스타킹,77
,2016-12-01,아이스크림,415
,2016-12-02,과자,1727
,2016-12-02,라면,1204
,2016-12-02,마스크,21
,2016-12-02,맥주,436
,2016-12-02,생리대,162
,2016-12-02,면도기,21
,2016-12-02,생수,373
,2016-12-02,숙취해소제,345
,2016-12-02,스타킹,92
,2016-12-02,아이스크림,416
,2016-12-02,탄산음료,317
,2016-12-03,과자,2008
,2016-12-03,라면,1507
,2016-12-03,맥주,565
,2016-12-03,생수,1557
,2016-12-03,마스크,126
,2016-12-03,생리대,84
,2016-12-03,숙취해소제,63
,2016-12-03,스타킹,35
,2016-12-03,아이스크림,339
,2016-12-03,탄산음료,282
,2016-12-03,면도기,14
,2016-12-04,과자,1536
,2016-12-04,라면,1056
,2016-12-04,생수,296
,2016-12-04,마스크,28
,2016-12-04,맥주,380
,2016-12-04,면도기,14
,2016-12-04,생리대,56
,2016-12-04,숙취해소제,7
,2016-12-04,스타킹,7
,2016-12-04,아이스크림,275
,2016-12-04,탄산음료,204
,2016-12-05,과자,1156
,2016-12-05,라면,916
,2016-12-05,생리대,155
,2016-12-05,생수,472
,2016-12-05,스타킹,56
,2016-12-05,마스크,70
,2016-12-05,맥주,247
,2016-12-05,숙취해소제,63
,2016-12-05,아이스크림,219
,2016-12-05,우산,14
,2016-12-05,탄산음료,197
,2016-12-05,면도기,14
,2016-12-06,과자,1543
,2016-12-06,라면,1050
,2016-12-06,맥주,345
,2016-12-06,생수,549
,2016-12-06,탄산음료,218
,2016-12-06,마스크,14
,2016-12-06,면도기,21
,2016-12-06,생리대,84
,2016-12-06,숙취해소제,176
,2016-12-06,스타킹,28
,2016-12-06,아이스크림,225
,2016-12-07,과자,1430
,2016-12-07,라면,1213
,2016-12-07,생수,295
,2016-12-07,스타킹,77
,2016-12-07,탄산음료,317
,2016-12-07,맥주,239
,2016-12-07,생리대,127
,2016-12-07,숙취해소제,127
,2016-12-07,아이스크림,324
,2016-12-07,우산,14
,2016-12-07,마스크,7
,2016-12-08,과자,1458
,2016-12-08,라면,1056
,2016-12-08,생리대,141
,2016-12-08,아이스크림,309
,2016-12-08,탄산음료,274
,2016-12-08,마스크,49
,2016-12-08,맥주,268
,2016-12-08,면도기,28
,2016-12-08,생수,260
,2016-12-08,숙취해소제,140
,2016-12-08,스타킹,63
,2016-12-08,우산,669
,2016-12-09,과자,1438
,2016-12-09,라면,1226
,2016-12-09,생수,493
,2016-12-09,탄산음료,247
,2016-12-09,마스크,14
,2016-12-09,맥주,487
,2016-12-09,면도기,21
,2016-12-09,생리대,127
,2016-12-09,숙취해소제,197
,2016-12-09,스타킹,91
,2016-12-09,아이스크림,379
,2016-12-09,우산,84
,2016-12-10,과자,1528
,2016-12-10,라면,1261
,2016-12-10,생수,535
,2016-12-10,탄산음료,189
,2016-12-10,마스크,127
,2016-12-10,맥주,458
,2016-12-10,면도기,14
,2016-12-10,생리대,106
,2016-12-10,숙취해소제,141
,2016-12-10,스타킹,7
,2016-12-10,아이스크림,317
,2016-12-11,과자,1684
,2016-12-11,라면,1253
,2016-12-11,맥주,563
,2016-12-11,생리대,49
,2016-12-11,생수,302
,2016-12-11,숙취해소제,56
,2016-12-11,스타킹,28
,2016-12-11,아이스크림,409
,2016-12-11,탄산음료,211
,2016-12-11,마스크,7
,2016-12-11,면도기,14
,2016-12-12,과자,1500
,2016-12-12,라면,1190
,2016-12-12,생리대,141
,2016-12-12,생수,360
,2016-12-12,탄산음료,169
,2016-12-12,마스크,35
,2016-12-12,맥주,204
,2016-12-12,숙취해소제,112
,2016-12-12,스타킹,21
,2016-12-12,아이스크림,409
,2016-12-12,면도기,7
,2016-12-13,과자,1303
,2016-12-13,라면,1029
,2016-12-13,탄산음료,238
,2016-12-13,마스크,35
,2016-12-13,맥주,204
,2016-12-13,면도기,35
,2016-12-13,생리대,141
,2016-12-13,생수,295
,2016-12-13,숙취해소제,175
,2016-12-13,스타킹,56
,2016-12-13,아이스크림,296
,2016-12-14,과자,1515
,2016-12-14,라면,1275
,2016-12-14,마스크,42
,2016-12-14,탄산음료,288
,2016-12-14,맥주,232
,2016-12-14,생리대,77
,2016-12-14,생수,303
,2016-12-14,숙취해소제,126
,2016-12-14,스타킹,7
,2016-12-14,아이스크림,226
,2016-12-14,우산,7
,2016-12-14,면도기,7
,2016-12-15,과자,1529
,2016-12-15,라면,1472
,2016-12-15,생수,437
,2016-12-15,아이스크림,211
,2016-12-15,탄산음료,261
,2016-12-15,마스크,21
,2016-12-15,맥주,161
,2016-12-15,면도기,56
,2016-12-15,생리대,148
,2016-12-15,숙취해소제,169
,2016-12-15,스타킹,42
,2016-12-16,과자,1338
,2016-12-16,라면,1430
,2016-12-16,생수,330
,2016-12-16,마스크,77
,2016-12-16,맥주,330
,2016-12-16,면도기,7
,2016-12-16,생리대,155
,2016-12-16,숙취해소제,154
,2016-12-16,스타킹,28
,2016-12-16,아이스크림,366
,2016-12-16,탄산음료,232
,2016-12-17,과자,1508
,2016-12-17,라면,1304
,2016-12-17,생리대,127
,2016-12-17,생수,619
,2016-12-17,아이스크림,324
,2016-12-17,탄산음료,232
,2016-12-17,마스크,56
,2016-12-17,맥주,415
,2016-12-17,숙취해소제,112
,2016-12-17,스타킹,28
,2016-12-17,우산,7
,2016-12-17,면도기,14
,2016-12-18,과자,1472
,2016-12-18,라면,979
,2016-12-18,맥주,253
,2016-12-18,생수,458
,2016-12-18,아이스크림,147
,2016-12-18,탄산음료,226
,2016-12-18,마스크,63
,2016-12-18,생리대,155
,2016-12-18,숙취해소제,63
,2016-12-18,스타킹,14
,2016-12-18,면도기,14
,2016-12-19,과자,1472
,2016-12-19,라면,1148
,2016-12-19,생수,359
,2016-12-19,아이스크림,246
,2016-12-19,맥주,168
,2016-12-19,생리대,106
,2016-12-19,숙취해소제,113
,2016-12-19,스타킹,63
,2016-12-19,탄산음료,204
,2016-12-19,면도기,7
,2016-12-20,과자,1135
,2016-12-20,라면,1085
,2016-12-20,생수,380
,2016-12-20,스타킹,63
,2016-12-20,마스크,14
,2016-12-20,맥주,302
,2016-12-20,생리대,42
,2016-12-20,숙취해소제,232
,2016-12-20,아이스크림,451
,2016-12-20,우산,7
,2016-12-20,탄산음료,183
,2016-12-21,과자,1726
,2016-12-21,라면,1156
,2016-12-21,생리대,70
,2016-12-21,생수,260
,2016-12-21,우산,1043
,2016-12-21,탄산음료,289
,2016-12-21,마스크,35
,2016-12-21,맥주,197
,2016-12-21,면도기,14
,2016-12-21,숙취해소제,154
,2016-12-21,스타킹,35
,2016-12-21,아이스크림,316
,2016-12-22,과자,1374
,2016-12-22,라면,1198
,2016-12-22,생리대,113
,2016-12-22,생수,429
,2016-12-22,아이스크림,303
,2016-12-22,마스크,28
,2016-12-22,맥주,324
,2016-12-22,숙취해소제,211
,2016-12-22,스타킹,70
,2016-12-22,우산,133
,2016-12-22,탄산음료,282
,2016-12-22,면도기,14
,2016-12-23,과자,1690
,2016-12-23,라면,1283
,2016-12-23,생수,282
,2016-12-23,스타킹,56
,2016-12-23,아이스크림,352
,2016-12-23,탄산음료,246
,2016-12-23,마스크,21
,2016-12-23,맥주,388
,2016-12-23,생리대,169
,2016-12-23,숙취해소제,119
,2016-12-23,면도기,21
,2016-12-24,과자,1753
,2016-12-24,라면,1155
,2016-12-24,생리대,98
,2016-12-24,생수,571
,2016-12-24,탄산음료,155
,2016-12-24,마스크,63
,2016-12-24,맥주,564
,2016-12-24,면도기,28
,2016-12-24,숙취해소제,98
,2016-12-24,스타킹,91
,2016-12-24,아이스크림,218
,2016-12-25,과자,1690
,2016-12-25,라면,1057
,2016-12-25,생수,394
,2016-12-25,아이스크림,352
,2016-12-25,탄산음료,197
,2016-12-25,마스크,35
,2016-12-25,맥주,556
,2016-12-25,생리대,204
,2016-12-25,숙취해소제,84
,2016-12-25,스타킹,14
,2016-12-25,면도기,92
,2016-12-26,과자,1402
,2016-12-26,라면,979
,2016-12-26,생수,521
,2016-12-26,아이스크림,225
,2016-12-26,우산,112
,2016-12-26,마스크,14
,2016-12-26,맥주,240
,2016-12-26,면도기,14
,2016-12-26,생리대,155
,2016-12-26,숙취해소제,84
,2016-12-26,스타킹,91
,2016-12-26,탄산음료,268
,2016-12-27,과자,1599
,2016-12-27,라면,1170
,2016-12-27,생수,415
,2016-12-27,마스크,28
,2016-12-27,맥주,324
,2016-12-27,면도기,21
,2016-12-27,생리대,162
,2016-12-27,숙취해소제,246
,2016-12-27,스타킹,56
,2016-12-27,아이스크림,260
,2016-12-27,탄산음료,253
,2016-12-28,과자,1501
,2016-12-28,라면,1255
,2016-12-28,마스크,28
,2016-12-28,탄산음료,281
,2016-12-28,맥주,211
,2016-12-28,생리대,134
,2016-12-28,생수,563
,2016-12-28,숙취해소제,267
,2016-12-28,스타킹,28
,2016-12-28,아이스크림,196
,2016-12-29,과자,1423
,2016-12-29,라면,1107
,2016-12-29,생수,316
,2016-12-29,맥주,302
,2016-12-29,생리대,92
,2016-12-29,숙취해소제,148
,2016-12-29,아이스크림,190
,2016-12-29,탄산음료,162
,2016-12-29,마스크,42
,2016-12-29,면도기,7
,2016-12-29,스타킹,14
,2016-12-30,과자,1656
,2016-12-30,생리대,91
,2016-12-30,라면,1388
,2016-12-30,맥주,416
,2016-12-30,생수,388
,2016-12-30,숙취해소제,126
,2016-12-30,스타킹,35
,2016-12-30,아이스크림,239
,2016-12-30,탄산음료,169
,2016-12-30,마스크,14
,2016-12-30,면도기,14
,2016-12-31,과자,1853
,2016-12-31,라면,1226
,2016-12-31,생수,662
,2016-12-31,마스크,21
,2016-12-31,맥주,408
,2016-12-31,면도기,28
,2016-12-31,생리대,105
,2016-12-31,숙취해소제,63
,2016-12-31,스타킹,42
,2016-12-31,아이스크림,304
,2016-12-31,탄산음료,147
,2016-12-31,생리대,70
,2016-12-31,숙취해소제,112
,2016-12-31,스타킹,21
,2016-12-31,아이스크림,437
,2016-12-31,면도기,28
